timestamp_us,ref_x,ref_y,ref_z,pos_x,pos_y,pos_z,controller
76548000,0.007371,-0.019161,-4.716122,0.003510,-0.011464,-4.711626,px4_default
76568000,0.007375,-0.019154,-4.715636,0.003589,-0.010664,-4.712348,px4_default
76588000,0.007411,-0.019103,-4.715041,0.004060,-0.009269,-4.714092,px4_default
76608000,0.007485,-0.018994,-4.714374,0.004630,-0.008178,-4.715654,px4_default
76628000,0.007637,-0.018772,-4.713768,0.005969,-0.006204,-4.718864,px4_default
76648000,0.007940,-0.018331,-4.713456,0.007242,-0.004637,-4.721583,px4_default
76668000,0.008485,-0.017537,-4.713412,0.009746,-0.001871,-4.726349,px4_default
76688000,0.009206,-0.016487,-4.713530,0.011863,0.000328,-4.729928,px4_default
76708000,0.010192,-0.015051,-4.713849,0.015693,0.004116,-4.735564,px4_default
76728000,0.011511,-0.013134,-4.714373,0.018742,0.007026,-4.739436,px4_default
76748000,0.013209,-0.010667,-4.715076,0.024072,0.012018,-4.745184,px4_default
76768000,0.015319,-0.007604,-4.715932,0.028066,0.015722,-4.748779,px4_default
76788000,0.017851,-0.003931,-4.716918,0.034842,0.021896,-4.753341,px4_default
76808000,0.020935,0.000537,-4.718018,0.039770,0.026366,-4.755584,px4_default
76828000,0.024578,0.005808,-4.719203,0.047944,0.033788,-4.757531,px4_default
76848000,0.028663,0.011715,-4.720428,0.053863,0.039139,-4.757963,px4_default
76868000,0.033397,0.018551,-4.721696,0.063506,0.047847,-4.757597,px4_default
76888000,0.039026,0.026664,-4.722937,0.070549,0.054285,-4.756697,px4_default
76908000,0.045335,0.035742,-4.724128,0.081930,0.064772,-4.754843,px4_default
76928000,0.052212,0.045626,-4.725248,0.090181,0.072417,-4.753257,px4_default
76948000,0.059663,0.056325,-4.726275,0.103600,0.084987,-4.750514,px4_default
76968000,0.068376,0.068804,-4.726621,0.113202,0.094006,-4.748586,px4_default
76988000,0.077682,0.082132,-4.726445,0.128906,0.108941,-4.745475,px4_default
77008000,0.087550,0.096264,-4.725811,0.140168,0.119707,-4.743412,px4_default
77028000,0.098071,0.111340,-4.724737,0.158269,0.137080,-4.740385,px4_default
77048000,0.109473,0.127700,-4.723182,0.171196,0.149506,-4.738465,px4_default
77068000,0.121926,0.145589,-4.721334,0.191923,0.169432,-4.735760,px4_default
77088000,0.134988,0.164356,-4.719340,0.206762,0.183893,-4.734092,px4_default
77108000,0.148790,0.184184,-4.717189,0.230346,0.206751,-4.731787,px4_default
77128000,0.163426,0.205193,-4.714882,0.247074,0.222992,-4.730385,px4_default
77148000,0.178960,0.227452,-4.712431,0.273672,0.248853,-4.728464,px4_default
77168000,0.195283,0.250785,-4.709873,0.292356,0.266877,-4.727259,px4_default
77188000,0.212281,0.275029,-4.707231,0.322002,0.295840,-4.725584,px4_default
77208000,0.230152,0.300420,-4.704504,0.342744,0.316107,-4.724506,px4_default
77228000,0.248868,0.326903,-4.701705,0.375314,0.347959,-4.722870,px4_default
77248000,0.268167,0.354118,-4.698871,0.398002,0.370550,-4.721718,px4_default
77268000,0.288227,0.382283,-4.695993,0.433368,0.405752,-4.719872,px4_default
77288000,0.309287,0.411643,-4.693090,0.457824,0.430377,-4.718516,px4_default
77308000,0.331074,0.441850,-4.690180,0.495732,0.468682,-4.716291,px4_default
77328000,0.353433,0.472707,-4.687274,0.521768,0.495407,-4.714654,px4_default
77348000,0.376355,0.504196,-4.684376,0.561860,0.537316,-4.711961,px4_default
77368000,0.400429,0.536926,-4.681519,0.589272,0.566244,-4.710010,px4_default
77388000,0.425169,0.570329,-4.678705,0.631191,0.611853,-4.706777,px4_default
77408000,0.450488,0.604309,-4.675935,0.659689,0.643367,-4.704478,px4_default
77428000,0.476410,0.638872,-4.673215,0.703175,0.692332,-4.700821,px4_default
77448000,0.503086,0.674146,-4.670569,0.732542,0.726399,-4.698218,px4_default
77468000,0.530734,0.710268,-4.668044,0.777213,0.778990,-4.694242,px4_default
77488000,0.558902,0.746817,-4.665592,0.807314,0.815231,-4.691526,px4_default
77508000,0.587654,0.783837,-4.663227,0.852855,0.871293,-4.687403,px4_default
77528000,0.617086,0.821375,-4.660972,0.883483,0.909604,-4.684672,px4_default
77548000,0.647332,0.859493,-4.658863,0.929629,0.968771,-4.680532,px4_default
77568000,0.678230,0.898030,-4.656885,0.960616,1.008884,-4.677783,px4_default
77588000,0.709634,0.936884,-4.655014,1.007149,1.070452,-4.673670,px4_default
77608000,0.741775,0.976148,-4.653313,1.038255,1.112185,-4.670990,px4_default
77628000,0.774652,1.015791,-4.651793,1.085001,1.175729,-4.667143,px4_default
77648000,0.808008,1.055645,-4.650399,1.116118,1.218733,-4.664763,px4_default
77668000,0.841981,1.095762,-4.649170,1.162860,1.283864,-4.661556,px4_default
77688000,0.876710,1.136136,-4.648159,1.194057,1.327659,-4.659711,px4_default
77708000,0.912031,1.176678,-4.647292,1.240942,1.393705,-4.657442,px4_default
77728000,0.947832,1.217326,-4.646520,1.272278,1.437892,-4.656261,px4_default
77748000,0.984069,1.258058,-4.645829,1.319283,1.504229,-4.655045,px4_default
77768000,1.021116,1.298873,-4.645246,1.350706,1.548378,-4.654603,px4_default
77788000,1.058725,1.339664,-4.644765,1.397983,1.614360,-4.654473,px4_default
77808000,1.096798,1.380411,-4.644383,1.429532,1.657989,-4.654796,px4_default
77828000,1.135322,1.421087,-4.644115,1.477115,1.723042,-4.655686,px4_default
77848000,1.174385,1.461655,-4.643999,1.508922,1.765781,-4.656654,px4_default
77868000,1.214263,1.501949,-4.644172,1.556859,1.829122,-4.658535,px4_default
77888000,1.254544,1.542071,-4.644490,1.588946,1.870653,-4.660091,px4_default
77908000,1.295250,1.582002,-4.644961,1.637266,1.931755,-4.662895,px4_default
77928000,1.336454,1.621659,-4.645616,1.669671,1.971777,-4.665006,px4_default
77948000,1.378302,1.660880,-4.646516,1.718466,2.030187,-4.668638,px4_default
77968000,1.420623,1.699716,-4.647595,1.751209,2.068200,-4.671262,px4_default
77988000,1.463301,1.738251,-4.648810,1.800656,2.123758,-4.675472,px4_default
78008000,1.506494,1.776293,-4.650219,1.833812,2.159479,-4.678507,px4_default
78028000,1.550208,1.813785,-4.651826,1.883949,2.211571,-4.683239,px4_default
78048000,1.594272,1.850825,-4.653570,1.917621,2.245082,-4.686536,px4_default
78068000,1.638748,1.887312,-4.655472,1.968476,2.293447,-4.691696,px4_default
78088000,1.683690,1.923102,-4.657551,2.002635,2.324598,-4.695219,px4_default
78108000,1.729038,1.958230,-4.659779,2.054232,2.369349,-4.700608,px4_default
78128000,1.774726,1.992755,-4.662130,2.088881,2.398046,-4.704151,px4_default
78148000,1.820698,2.026737,-4.664584,2.141182,2.438757,-4.709531,px4_default
78168000,1.867128,2.059717,-4.667203,2.176269,2.464632,-4.713120,px4_default
78188000,1.913914,2.091815,-4.669941,2.229213,2.501531,-4.718517,px4_default
78208000,1.960976,2.123188,-4.672768,2.264680,2.524590,-4.722133,px4_default
78228000,2.008284,2.153885,-4.675669,2.318126,2.557392,-4.727501,px4_default
78248000,2.055866,2.183797,-4.678652,2.353907,2.577885,-4.731037,px4_default
78268000,2.103864,2.212184,-4.681747,2.407778,2.606554,-4.736109,px4_default
78288000,2.152043,2.239817,-4.684883,2.443803,2.624501,-4.739245,px4_default
78308000,2.200400,2.266701,-4.688056,2.497979,2.649085,-4.743636,px4_default
78328000,2.248964,2.292621,-4.691266,2.534226,2.664196,-4.746369,px4_default
78348000,2.297810,2.317066,-4.694514,2.588753,2.684922,-4.750237,px4_default
78368000,2.346835,2.340399,-4.697767,2.625196,2.697435,-4.752656,px4_default
78388000,2.395988,2.362882,-4.701021,2.680012,2.714248,-4.756027,px4_default
78408000,2.445286,2.384138,-4.704260,2.716659,2.723876,-4.758079,px4_default
78428000,2.494720,2.404067,-4.707446,2.771677,2.736529,-4.760863,px4_default
78448000,2.544246,2.422893,-4.710512,2.808413,2.743583,-4.762525,px4_default
78468000,2.593867,2.440533,-4.713438,2.863627,2.752101,-4.764741,px4_default
78488000,2.643582,2.456861,-4.716193,2.900479,2.756582,-4.766046,px4_default
78508000,2.693372,2.471840,-4.718814,2.955857,2.760998,-4.767737,px4_default
78528000,2.743219,2.485569,-4.721330,2.992857,2.762665,-4.768674,px4_default
78548000,2.793111,2.498276,-4.723752,3.048463,2.763264,-4.769786,px4_default
78568000,2.843074,2.509356,-4.726011,3.085644,2.762157,-4.770317,px4_default
78588000,2.893097,2.518851,-4.728098,3.141441,2.758765,-4.770784,px4_default
78608000,2.943153,2.527112,-4.730051,3.178718,2.755168,-4.770852,px4_default
78628000,2.993226,2.534319,-4.731891,3.234644,2.748053,-4.770638,px4_default
78648000,3.043310,2.540396,-4.733611,3.271952,2.742011,-4.770284,px4_default
78668000,3.093400,2.544078,-4.735077,3.327993,2.730995,-4.769507,px4_default
78688000,3.143485,2.546687,-4.736420,3.365376,2.722502,-4.768840,px4_default
78708000,3.193562,2.548247,-4.737640,3.421491,2.707623,-4.767672,px4_default
78728000,3.243611,2.548541,-4.738706,3.458922,2.696497,-4.766766,px4_default
78748000,3.293594,2.547014,-4.739536,3.515110,2.677999,-4.765250,px4_default
78768000,3.343501,2.543961,-4.740167,3.552626,2.664233,-4.764128,px4_default
78788000,3.393349,2.539868,-4.740663,3.608850,2.641954,-4.762294,px4_default
78808000,3.443106,2.534415,-4.740981,3.646363,2.625862,-4.760974,px4_default
78828000,3.492748,2.527478,-4.741114,3.702674,2.599904,-4.758868,px4_default
78848000,3.542264,2.519160,-4.741097,3.740183,2.581542,-4.757404,px4_default
78868000,3.591631,2.509520,-4.740959,3.796424,2.552033,-4.755069,px4_default
78888000,3.640821,2.498563,-4.740716,3.833858,2.531449,-4.753462,px4_default
78908000,3.689798,2.486184,-4.740372,3.889919,2.498788,-4.750933,px4_default
78928000,3.738560,2.472479,-4.739939,3.927197,2.475996,-4.749203,px4_default
78948000,3.787146,2.457769,-4.739442,3.982975,2.440287,-4.746559,px4_default
78968000,3.835473,2.441639,-4.738860,4.020065,2.415427,-4.744756,px4_default
78988000,3.883441,2.423950,-4.738199,4.075489,2.376833,-4.742047,px4_default
79008000,3.931126,2.405101,-4.737482,4.112293,2.350187,-4.740236,px4_default
79028000,3.978576,2.385336,-4.736725,4.167259,2.308904,-4.737528,px4_default
79048000,4.025779,2.364626,-4.735929,4.203729,2.280564,-4.735734,px4_default
79068000,4.072395,2.341874,-4.735062,4.258151,2.236805,-4.733121,px4_default
79088000,4.118694,2.318191,-4.734171,4.294233,2.206846,-4.731462,px4_default
79108000,4.164688,2.293633,-4.733258,4.348015,2.160760,-4.729044,px4_default
79128000,4.210322,2.268081,-4.732324,4.383607,2.129273,-4.727516,px4_default
79148000,4.255440,2.241159,-4.731365,4.436611,2.081024,-4.725260,px4_default
79168000,4.300020,2.212924,-4.730393,4.471657,2.048226,-4.723824,px4_default
79188000,4.344245,2.183879,-4.729416,4.523760,1.998096,-4.721765,px4_default
79208000,4.388013,2.153852,-4.728436,4.558156,1.964099,-4.720439,px4_default
79228000,4.431251,2.122741,-4.727456,4.609195,1.912290,-4.718571,px4_default
79248000,4.473906,2.090504,-4.726482,4.642847,1.877190,-4.717397,px4_default
79268000,4.516034,2.057305,-4.725518,4.692628,1.823892,-4.715803,px4_default
79288000,4.557662,2.023229,-4.724566,4.725376,1.787883,-4.714817,px4_default
79308000,4.598661,1.988108,-4.723632,4.773798,1.733172,-4.713476,px4_default
79328000,4.639026,1.951979,-4.722720,4.805502,1.696342,-4.712690,px4_default
79348000,4.678907,1.915141,-4.721826,4.852334,1.640447,-4.711650,px4_default
79368000,4.718165,1.877419,-4.720957,4.883009,1.602795,-4.711055,px4_default
79388000,4.756557,1.838550,-4.720128,4.928125,1.545788,-4.710296,px4_default
79408000,4.794299,1.798853,-4.719329,4.957647,1.507401,-4.709873,px4_default
79428000,4.831530,1.758530,-4.718556,5.000963,1.449406,-4.709423,px4_default
79448000,4.868223,1.717562,-4.717810,5.029235,1.410392,-4.709236,px4_default
79468000,4.903758,1.675346,-4.717124,5.070510,1.351634,-4.709185,px4_default
79488000,4.938626,1.632460,-4.716474,5.097382,1.312206,-4.709244,px4_default
79508000,4.972893,1.588982,-4.715856,5.136677,1.252678,-4.709453,px4_default
79528000,5.006509,1.544880,-4.715273,5.162082,1.212903,-4.709718,px4_default
79548000,5.039240,1.499955,-4.714738,5.199171,1.152863,-4.710227,px4_default
79568000,5.070900,1.454160,-4.714261,5.223131,1.112670,-4.710652,px4_default
79588000,5.101930,1.407873,-4.713817,5.257906,1.052185,-4.711427,px4_default
79608000,5.132224,1.361026,-4.713412,5.280364,1.011649,-4.711996,px4_default
79628000,5.161657,1.313549,-4.713052,5.312754,0.950869,-4.713022,px4_default
79648000,5.190049,1.265347,-4.712744,5.333565,0.910209,-4.713767,px4_default
79668000,5.217577,1.216605,-4.712478,5.363582,0.849037,-4.714978,px4_default
79688000,5.244368,1.167421,-4.712247,5.382783,0.808170,-4.715892,px4_default
79708000,5.270134,1.117659,-4.712063,5.410347,0.746766,-4.717346,px4_default
79728000,5.294842,1.067323,-4.711925,5.427795,0.705929,-4.718406,px4_default
79748000,5.318808,1.016610,-4.711813,5.452710,0.644531,-4.720059,px4_default
79768000,5.341854,0.965440,-4.711734,5.468399,0.603627,-4.721211,px4_default
79788000,5.363656,0.913739,-4.711694,5.490540,0.542344,-4.722971,px4_default
79808000,5.384461,0.861634,-4.711685,5.504439,0.501437,-4.724128,px4_default
79828000,5.404457,0.809220,-4.711701,5.523711,0.440402,-4.725775,px4_default
79848000,5.423655,0.756508,-4.711741,5.535628,0.399753,-4.726757,px4_default
79868000,5.441322,0.703279,-4.711821,5.552099,0.338856,-4.728007,px4_default
79888000,5.457965,0.649738,-4.711922,5.561999,0.298498,-4.728755,px4_default
79908000,5.473723,0.595943,-4.712040,5.575497,0.237968,-4.729779,px4_default
79928000,5.488593,0.541918,-4.712172,5.583497,0.197738,-4.730449,px4_default
79948000,5.502308,0.487617,-4.712321,5.594124,0.137444,-4.731435,px4_default
79968000,5.514455,0.432991,-4.712482,5.600216,0.097406,-4.732086,px4_default
79988000,5.525753,0.378205,-4.712620,5.607839,0.037590,-4.733104,px4_default
80008000,5.536138,0.323254,-4.712720,5.611992,-0.002233,-4.733786,px4_default
80028000,5.545443,0.268135,-4.712758,5.616618,-0.061556,-4.734864,px4_default
80048000,5.553302,0.212844,-4.712693,5.618767,-0.100984,-4.735593,px4_default
80068000,5.560077,0.157449,-4.712602,5.620594,-0.159935,-4.736687,px4_default
80088000,5.566006,0.101978,-4.712498,5.620791,-0.198934,-4.737447,px4_default
80108000,5.570676,0.046419,-4.712398,5.619753,-0.257308,-4.738553,px4_default
80128000,5.574018,-0.009210,-4.712311,5.618122,-0.296033,-4.739289,px4_default
80148000,5.576455,-0.064844,-4.712236,5.614296,-0.353863,-4.740394,px4_default
80168000,5.577821,-0.120477,-4.712179,5.610884,-0.392320,-4.741150,px4_default
80188000,5.577883,-0.176078,-4.712147,5.604374,-0.449616,-4.742278,px4_default
80208000,5.576824,-0.231634,-4.712139,5.599237,-0.487787,-4.743007,px4_default
80228000,5.574823,-0.287133,-4.712154,5.590199,-0.544581,-4.744115,px4_default
80248000,5.571963,-0.342564,-4.712192,5.583342,-0.582270,-4.744842,px4_default
80268000,5.567635,-0.397825,-4.712270,5.571826,-0.638528,-4.745923,px4_default
80288000,5.562190,-0.452924,-4.712384,5.563319,-0.675742,-4.746651,px4_default
80308000,5.555829,-0.507875,-4.712529,5.549391,-0.731328,-4.747744,px4_default
80328000,5.548625,-0.562675,-4.712701,5.539312,-0.768136,-4.748489,px4_default
80348000,5.540398,-0.617281,-4.712911,5.523029,-0.823008,-4.749599,px4_default
80368000,5.530598,-0.671533,-4.713180,5.511421,-0.859422,-4.750335,px4_default
80388000,5.520006,-0.725570,-4.713480,5.492846,-0.913557,-4.751467,px4_default
80408000,5.508627,-0.779383,-4.713812,5.479714,-0.949434,-4.752204,px4_default
80428000,5.496302,-0.832907,-4.714183,5.458904,-1.002908,-4.753309,px4_default
80448000,5.482573,-0.885971,-4.714613,5.444271,-1.038231,-4.754053,px4_default
80468000,5.467896,-0.938690,-4.715085,5.421290,-1.090992,-4.755141,px4_default
80488000,5.452478,-0.991132,-4.715590,5.405221,-1.125816,-4.755874,px4_default
80508000,5.436031,-1.043142,-4.716140,5.380087,-1.177676,-4.756985,px4_default
80528000,5.418480,-1.094659,-4.716740,5.353706,-1.228968,-4.758098,px4_default
80548000,5.400071,-1.145765,-4.717379,5.335409,-1.262761,-4.758871,px4_default
80568000,5.380756,-1.196426,-4.718058,5.316592,-1.296390,-4.759635,px4_default
80588000,5.360413,-1.246553,-4.718784,5.287370,-1.346210,-4.760816,px4_default
80608000,5.339109,-1.296135,-4.719552,5.267251,-1.379110,-4.761611,px4_default
80628000,5.316965,-1.345207,-4.720357,5.236131,-1.427972,-4.762821,px4_default
80648000,5.294103,-1.393831,-4.721194,5.214767,-1.460104,-4.763655,px4_default
80668000,5.270126,-1.441731,-4.722078,5.181813,-1.507790,-4.764920,px4_default
80688000,5.245160,-1.488947,-4.723001,5.159254,-1.539153,-4.765789,px4_default
80708000,5.219411,-1.535593,-4.723957,5.124516,-1.585539,-4.767129,px4_default
80728000,5.192998,-1.581730,-4.724937,5.100768,-1.616080,-4.768025,px4_default
80748000,5.165830,-1.627270,-4.725945,5.064330,-1.661184,-4.769389,px4_default
80768000,5.137312,-1.671675,-4.727000,5.039482,-1.690840,-4.770285,px4_default
80788000,5.108157,-1.715506,-4.728073,5.001462,-1.734496,-4.771702,px4_default
80808000,5.078392,-1.758783,-4.729165,4.975587,-1.763132,-4.772642,px4_default
80828000,5.047900,-1.801377,-4.730275,4.935993,-1.805359,-4.774008,px4_default
80848000,5.016299,-1.842894,-4.731412,4.909132,-1.832890,-4.774923,px4_default
80868000,4.983922,-1.883568,-4.732563,4.868075,-1.873443,-4.776247,px4_default
80888000,4.950975,-1.923614,-4.733721,4.840225,-1.899881,-4.777069,px4_default
80908000,4.917276,-1.962802,-4.734889,4.797735,-1.938638,-4.778293,px4_default
80928000,4.882754,-2.001028,-4.736062,4.768916,-1.963938,-4.779083,px4_default
80948000,4.847505,-2.038366,-4.737235,4.725034,-2.000867,-4.780245,px4_default
80968000,4.811576,-2.074832,-4.738405,4.695312,-2.024905,-4.780966,px4_default
80988000,4.774945,-2.110341,-4.739569,4.650039,-2.060062,-4.781967,px4_default
81008000,4.737592,-2.144831,-4.740719,4.619420,-2.082878,-4.782569,px4_default
81028000,4.699574,-2.178352,-4.741854,4.572853,-2.116143,-4.783380,px4_default
81048000,4.661027,-2.211080,-4.742972,4.541437,-2.137549,-4.783858,px4_default
81068000,4.621734,-2.242667,-4.744065,4.493674,-2.168687,-4.784457,px4_default
81088000,4.581701,-2.272995,-4.745118,4.461440,-2.188711,-4.784771,px4_default
81108000,4.541097,-2.302324,-4.746138,4.412528,-2.217606,-4.785103,px4_default
81128000,4.500041,-2.330841,-4.747128,4.379524,-2.236174,-4.785241,px4_default
81148000,4.458503,-2.358484,-4.748083,4.329478,-2.262713,-4.785306,px4_default
81168000,4.415965,-2.384208,-4.748950,4.295736,-2.279650,-4.785235,px4_default
81188000,4.372998,-2.409018,-4.749768,4.244573,-2.303896,-4.784968,px4_default
81208000,4.329628,-2.432954,-4.750537,4.210150,-2.319149,-4.784660,px4_default
81228000,4.285794,-2.455858,-4.751248,4.157971,-2.340861,-4.784017,px4_default
81248000,4.241279,-2.477200,-4.751862,4.122849,-2.354467,-4.783460,px4_default
81268000,4.196212,-2.497168,-4.752379,4.069663,-2.373671,-4.782452,px4_default
81288000,4.150775,-2.516197,-4.752830,4.033912,-2.385589,-4.781656,px4_default
81308000,4.104883,-2.534034,-4.753189,3.979852,-2.402090,-4.780284,px4_default
81328000,4.058496,-2.550513,-4.753440,3.943501,-2.412238,-4.779231,px4_default
81348000,4.011638,-2.565570,-4.753570,3.888651,-2.425938,-4.777413,px4_default
81368000,3.964384,-2.579381,-4.753589,3.851812,-2.434156,-4.776005,px4_default
81388000,3.916747,-2.591950,-4.753492,3.796166,-2.445097,-4.773606,px4_default
81408000,3.868682,-2.603068,-4.753252,3.758856,-2.451315,-4.771759,px4_default
81428000,3.820213,-2.612748,-4.752865,3.702498,-2.459271,-4.768617,px4_default
81448000,3.771458,-2.621314,-4.752359,3.664699,-2.463558,-4.766268,px4_default
81468000,3.722353,-2.628455,-4.751698,3.607687,-2.468465,-4.762358,px4_default
81488000,3.672837,-2.633792,-4.750826,3.569451,-2.470790,-4.759511,px4_default
81508000,3.623015,-2.637729,-4.749785,3.511817,-2.472571,-4.754857,px4_default
81528000,3.572966,-2.640575,-4.748606,3.473151,-2.472856,-4.751592,px4_default
81548000,3.522678,-2.642250,-4.747275,3.414904,-2.471582,-4.746348,px4_default
81568000,3.471985,-2.641556,-4.745578,3.375866,-2.469698,-4.742680,px4_default
81588000,3.421090,-2.639585,-4.743662,3.317015,-2.465304,-4.736922,px4_default
81608000,3.370016,-2.636455,-4.741547,3.277594,-2.461226,-4.732882,px4_default
81628000,3.318752,-2.632058,-4.739212,3.218169,-2.453582,-4.726552,px4_default
81648000,3.267224,-2.625830,-4.736558,3.178366,-2.447389,-4.722139,px4_default
81668000,3.215481,-2.617766,-4.733596,3.118375,-2.436385,-4.715251,px4_default
81688000,3.163606,-2.608547,-4.730449,3.078199,-2.427986,-4.710512,px4_default
81708000,3.111580,-2.597970,-4.727095,3.017648,-2.413485,-4.703180,px4_default
81728000,3.059385,-2.585832,-4.723512,2.977094,-2.402683,-4.698191,px4_default
81748000,3.007001,-2.571888,-4.719675,2.915991,-2.384773,-4.690560,px4_default
81768000,2.954492,-2.556529,-4.715630,2.875032,-2.371568,-4.685379,px4_default
81788000,2.901881,-2.539898,-4.711393,2.813370,-2.350247,-4.677492,px4_default
81808000,2.849147,-2.521659,-4.706905,2.772042,-2.334765,-4.672180,px4_default
81828000,2.796290,-2.501781,-4.702160,2.709812,-2.309897,-4.664155,px4_default
81848000,2.743353,-2.480731,-4.697243,2.668153,-2.292140,-4.658716,px4_default
81868000,2.690323,-2.458315,-4.692128,2.605389,-2.263783,-4.650469,px4_default
81888000,2.637168,-2.434050,-4.686779,2.563396,-2.243814,-4.644931,px4_default
81908000,2.583930,-2.408362,-4.681266,2.500140,-2.212066,-4.636602,px4_default
81928000,2.530639,-2.381603,-4.675641,2.457806,-2.189791,-4.631060,px4_default
81948000,2.477294,-2.353722,-4.669902,2.394065,-2.154729,-4.622780,px4_default
81968000,2.423845,-2.323794,-4.663985,2.351352,-2.130172,-4.617258,px4_default
81988000,2.370330,-2.292613,-4.657978,2.287054,-2.091799,-4.609038,px4_default
82008000,2.316762,-2.260353,-4.651896,2.243996,-2.065134,-4.603602,px4_default
82028000,2.263150,-2.227021,-4.645741,2.179152,-2.023557,-4.595550,px4_default
82048000,2.209489,-2.192243,-4.639484,2.135788,-1.994861,-4.590259,px4_default
82068000,2.155767,-2.155839,-4.633142,2.070509,-1.950288,-4.582456,px4_default
82088000,2.102007,-2.118496,-4.626767,2.026865,-1.919629,-4.577347,px4_default
82108000,2.048203,-2.080135,-4.620370,1.961058,-1.872129,-4.569835,px4_default
82128000,1.994356,-2.040613,-4.613963,1.917038,-1.839549,-4.564914,px4_default
82148000,1.940474,-1.999631,-4.607566,1.850791,-1.789336,-4.557711,px4_default
82168000,1.886562,-1.957621,-4.601192,1.806419,-1.754931,-4.553023,px4_default
82188000,1.832626,-1.914769,-4.594841,1.739656,-1.702062,-4.546162,px4_default
82208000,1.778648,-1.870755,-4.588539,1.694964,-1.665960,-4.541698,px4_default
82228000,1.724629,-1.825518,-4.582302,1.627622,-1.610617,-4.535192,px4_default
82248000,1.670598,-1.779492,-4.576124,1.582591,-1.572959,-4.530986,px4_default
82268000,1.616554,-1.732561,-4.570018,1.514659,-1.515367,-4.524930,px4_default
82288000,1.562486,-1.684511,-4.564023,1.469210,-1.476288,-4.521055,px4_default
82308000,1.508400,-1.635542,-4.558132,1.400802,-1.416670,-4.515497,px4_default
82328000,1.454300,-1.585850,-4.552336,1.355039,-1.376304,-4.511978,px4_default
82348000,1.400186,-1.535462,-4.546634,1.286166,-1.314856,-4.506967,px4_default
82368000,1.346041,-1.483929,-4.541110,1.240018,-1.273401,-4.503829,px4_default
82388000,1.291897,-1.431629,-4.535732,1.170632,-1.210384,-4.499399,px4_default
82408000,1.237753,-1.378697,-4.530483,1.124202,-1.167879,-4.496653,px4_default
82428000,1.183608,-1.325185,-4.525359,1.054284,-1.103424,-4.492844,px4_default
82448000,1.129459,-1.270930,-4.520405,1.007570,-1.059955,-4.490491,px4_default
82468000,1.075294,-1.215734,-4.515698,0.937120,-0.994143,-4.487331,px4_default
82488000,1.021133,-1.160058,-4.511135,0.890028,-0.949829,-4.485422,px4_default
82508000,0.966980,-1.103909,-4.506721,0.819212,-0.882736,-4.482822,px4_default
82528000,0.912837,-1.047225,-4.502488,0.771784,-0.837697,-4.481306,px4_default
82548000,0.858704,-0.989792,-4.498533,0.700536,-0.769561,-4.479325,px4_default
82568000,0.804571,-0.931895,-4.494772,0.652907,-0.723820,-4.478236,px4_default
82588000,0.750439,-0.873631,-4.491170,0.581376,-0.654728,-4.476908,px4_default
82608000,0.696326,-0.814902,-4.487801,0.533572,-0.608439,-4.476243,px4_default
82628000,0.642238,-0.755693,-4.484693,0.461721,-0.538736,-4.475594,px4_default
82648000,0.588165,-0.696160,-4.481785,0.413790,-0.492024,-4.475360,px4_default
82668000,0.534105,-0.636295,-4.479092,0.341730,-0.421913,-4.475375,px4_default
82688000,0.480055,-0.576064,-4.476663,0.293646,-0.375028,-4.475636,px4_default
82708000,0.426027,-0.515541,-4.474482,0.221464,-0.304519,-4.476336,px4_default
82728000,0.372028,-0.454805,-4.472518,0.173199,-0.257540,-4.477036,px4_default
82748000,0.318052,-0.393887,-4.470752,0.100807,-0.186886,-4.478374,px4_default
82768000,0.264108,-0.332718,-4.469300,0.052496,-0.139776,-4.479489,px4_default
82788000,0.210193,-0.271394,-4.468116,-0.020031,-0.069150,-4.481478,px4_default
82808000,0.156300,-0.209958,-4.467155,-0.068357,-0.022008,-4.482988,px4_default
82828000,0.102424,-0.148439,-4.466391,-0.140859,0.048424,-4.485598,px4_default
82848000,0.048567,-0.086830,-4.465869,-0.189096,0.095490,-4.487501,px4_default
82868000,-0.005226,-0.025202,-4.465732,-0.261421,0.165679,-4.490703,px4_default
82888000,-0.058990,0.036411,-4.465795,-0.309561,0.212364,-4.493014,px4_default
82908000,-0.112728,0.098001,-4.466047,-0.381648,0.282200,-4.496740,px4_default
82928000,-0.166437,0.159547,-4.466525,-0.429590,0.328433,-4.499441,px4_default
82948000,-0.220108,0.220976,-4.467375,-0.501303,0.397609,-4.503728,px4_default
82968000,-0.273734,0.282255,-4.468458,-0.548961,0.443468,-4.506756,px4_default
82988000,-0.327324,0.343409,-4.469726,-0.620251,0.511862,-4.511550,px4_default
83008000,-0.380872,0.404365,-4.471245,-0.667647,0.557289,-4.514886,px4_default
83028000,-0.434375,0.465077,-4.473041,-0.738528,0.624760,-4.520181,px4_default
83048000,-0.487848,0.525544,-4.475072,-0.785643,0.669433,-4.523874,px4_default
83068000,-0.541284,0.585749,-4.477324,-0.856102,0.735955,-4.529640,px4_default
83088000,-0.594664,0.645610,-4.479822,-0.902917,0.779739,-4.533695,px4_default
83108000,-0.647994,0.705096,-4.482560,-0.972928,0.845182,-4.539917,px4_default
83128000,-0.701281,0.764214,-4.485516,-1.019430,0.888166,-4.544254,px4_default
83148000,-0.754536,0.823000,-4.488655,-1.088943,0.952114,-4.550925,px4_default
83168000,-0.807749,0.881296,-4.492047,-1.135107,0.994221,-4.555518,px4_default
83188000,-0.860898,0.939021,-4.495680,-1.204095,1.056570,-4.562611,px4_default
83208000,-0.913996,0.996265,-4.499502,-1.249929,1.097732,-4.567423,px4_default
83228000,-0.967057,1.053099,-4.503477,-1.318371,1.158369,-4.574878,px4_default
83248000,-1.020075,1.109453,-4.507624,-1.363821,1.198271,-4.579941,px4_default
83268000,-1.073031,1.164846,-4.512074,-1.431731,1.257314,-4.587652,px4_default
83288000,-1.125941,1.219713,-4.516664,-1.476814,1.295877,-4.592874,px4_default
83308000,-1.178808,1.274077,-4.521382,-1.544207,1.352956,-4.600744,px4_default
83328000,-1.231626,1.327840,-4.526245,-1.588969,1.390320,-4.606028,px4_default
83348000,-1.284374,1.380605,-4.531328,-1.655863,1.445282,-4.614011,px4_default
83368000,-1.337069,1.432571,-4.536559,-1.700309,1.481356,-4.619334,px4_default
83388000,-1.389727,1.483943,-4.541894,-1.766706,1.534340,-4.627328,px4_default
83408000,-1.442343,1.534536,-4.547356,-1.810813,1.569060,-4.632616,px4_default
83428000,-1.494910,1.584219,-4.552952,-1.876644,1.619739,-4.640550,px4_default
83448000,-1.547411,1.632943,-4.558663,-1.920380,1.652813,-4.645785,px4_default
83468000,-1.599859,1.680824,-4.564465,-1.985764,1.701331,-4.653524,px4_default
83488000,-1.652257,1.727802,-4.570353,-2.029198,1.732682,-4.658599,px4_default
83508000,-1.704607,1.773756,-4.576324,-2.094149,1.778687,-4.666043,px4_default
83528000,-1.756911,1.818691,-4.582365,-2.137302,1.808493,-4.670956,px4_default
83548000,-1.809171,1.862778,-4.588450,-2.201809,1.851878,-4.678162,px4_default
83568000,-1.861366,1.905759,-4.594584,-2.244686,1.880070,-4.682852,px4_default
83588000,-1.913499,1.947412,-4.600751,-2.308707,1.920735,-4.689703,px4_default
83608000,-1.965585,1.987989,-4.606929,-2.351228,1.946987,-4.694132,px4_default
83628000,-2.017641,2.027719,-4.613102,-2.414776,1.985057,-4.700570,px4_default
83648000,-2.069663,2.066508,-4.619266,-2.456970,2.009532,-4.704720,px4_default
83668000,-2.121587,2.103354,-4.625351,-2.520014,2.044869,-4.710728,px4_default
83688000,-2.173464,2.139168,-4.631392,-2.561801,2.067236,-4.714592,px4_default
83708000,-2.225302,2.174033,-4.637388,-2.624283,2.099504,-4.720146,px4_default
83728000,-2.277098,2.207833,-4.643333,-2.665766,2.119982,-4.723656,px4_default
83748000,-2.328832,2.239968,-4.649191,-2.727726,2.149162,-4.728516,px4_default
83768000,-2.380489,2.270594,-4.654945,-2.768906,2.167759,-4.731411,px4_default
83788000,-2.432095,2.300192,-4.660625,-2.830344,2.193833,-4.735368,px4_default
83808000,-2.483644,2.328550,-4.666208,-2.871147,2.210220,-4.737778,px4_default
83828000,-2.535130,2.355469,-4.671674,-2.932116,2.233262,-4.741108,px4_default
83848000,-2.586544,2.380742,-4.676986,-2.972535,2.247324,-4.743117,px4_default
83868000,-2.637905,2.404706,-4.682166,-3.032961,2.266975,-4.745862,px4_default
83888000,-2.689219,2.427393,-4.687210,-3.073042,2.278929,-4.747476,px4_default
83908000,-2.740463,2.448539,-4.692028,-3.132970,2.295380,-4.749614,px4_default
83928000,-2.791627,2.468103,-4.696573,-3.172732,2.305196,-4.750793,px4_default
83948000,-2.842733,2.486462,-4.700904,-3.232053,2.318220,-4.752126,px4_default
83968000,-2.893774,2.503448,-4.704990,-3.271462,2.325942,-4.752710,px4_default
83988000,-2.944719,2.518507,-4.708816,-3.330118,2.335569,-4.753107,px4_default
84008000,-2.995576,2.532035,-4.712436,-3.369036,2.340921,-4.753127,px4_default
84028000,-3.046352,2.544420,-4.715901,-3.427130,2.347309,-4.752883,px4_default
84048000,-3.097039,2.555538,-4.719192,-3.465514,2.350191,-4.752553,px4_default
84068000,-3.147558,2.564330,-4.722157,-3.522840,2.352963,-4.751891,px4_default
84088000,-3.197975,2.571741,-4.724894,-3.560779,2.353615,-4.751328,px4_default
84108000,-3.248296,2.577941,-4.727415,-3.617227,2.352742,-4.750312,px4_default
84128000,-3.298511,2.582904,-4.729693,-3.654678,2.351108,-4.749510,px4_default
84148000,-3.348548,2.586064,-4.731580,-3.710267,2.346563,-4.748191,px4_default
84168000,-3.398386,2.587390,-4.733130,-3.747251,2.342657,-4.747229,px4_default
84188000,-3.448089,2.587558,-4.734493,-3.802077,2.334725,-4.745753,px4_default
84208000,-3.497634,2.586431,-4.735676,-3.838366,2.328342,-4.744725,px4_default
84228000,-3.546980,2.583813,-4.736666,-3.892393,2.317130,-4.743121,px4_default
84248000,-3.596025,2.579328,-4.737429,-3.927936,2.308366,-4.742008,px4_default
84268000,-3.644840,2.573523,-4.738039,-3.980914,2.293759,-4.740262,px4_default
84288000,-3.693448,2.566552,-4.738517,-4.015880,2.282932,-4.739054,px4_default
84308000,-3.741757,2.558058,-4.738832,-4.067753,2.265079,-4.737192,px4_default
84328000,-3.789730,2.547934,-4.738978,-4.102078,2.252229,-4.735915,px4_default
84348000,-3.837448,2.536666,-4.739015,-4.152788,2.231192,-4.733937,px4_default
84368000,-3.884881,2.524148,-4.738933,-4.186253,2.216188,-4.732576,px4_default
84388000,-3.931882,2.509987,-4.738708,-4.235907,2.192232,-4.730505,px4_default
84408000,-3.978509,2.494472,-4.738371,-4.268451,2.175191,-4.729128,px4_default
84428000,-4.024835,2.477916,-4.737952,-4.317007,2.148462,-4.727039,px4_default
84448000,-4.070844,2.460283,-4.737453,-4.348761,2.129663,-4.725697,px4_default
84468000,-4.116297,2.440863,-4.736829,-4.395878,2.100231,-4.723702,px4_default
84488000,-4.161325,2.420238,-4.736130,-4.426802,2.079734,-4.722408,px4_default
84508000,-4.205977,2.398585,-4.735370,-4.472403,2.047720,-4.720562,px4_default
84528000,-4.250264,2.375957,-4.734556,-4.502426,2.025596,-4.719359,px4_default
84548000,-4.294030,2.351978,-4.733670,-4.546394,1.991130,-4.717728,px4_default
84568000,-4.337153,2.326444,-4.732716,-4.575213,1.967373,-4.716699,px4_default
84588000,-4.379878,2.300009,-4.731726,-4.617680,1.930588,-4.715226,px4_default
84608000,-4.422178,2.272653,-4.730702,-4.645210,1.905265,-4.714314,px4_default
84628000,-4.463972,2.244238,-4.729642,-4.685876,1.866244,-4.712988,px4_default
84648000,-4.505014,2.214324,-4.728541,-4.712392,1.839517,-4.712156,px4_default
84668000,-4.545545,2.183442,-4.727419,-4.751242,1.798393,-4.710982,px4_default
84688000,-4.585651,2.151766,-4.726282,-4.776700,1.770330,-4.710229,px4_default
84708000,-4.625117,2.118988,-4.725130,-4.813949,1.727313,-4.709223,px4_default
84728000,-4.663838,2.084984,-4.723964,-4.838317,1.698034,-4.708581,px4_default
84748000,-4.702024,2.050148,-4.722796,-4.873685,1.653262,-4.707775,px4_default
84768000,-4.739635,2.014428,-4.721627,-4.896709,1.622863,-4.707301,px4_default
84788000,-4.776493,1.977622,-4.720462,-4.930399,1.576455,-4.706673,px4_default
84808000,-4.812662,1.939856,-4.719305,-4.952049,1.545063,-4.706357,px4_default
84828000,-4.848243,1.901302,-4.718157,-4.983797,1.497194,-4.705950,px4_default
84848000,-4.883246,1.862004,-4.717021,-5.004310,1.464794,-4.705722,px4_default
84868000,-4.917325,1.821596,-4.715909,-5.034049,1.415489,-4.705451,px4_default
84888000,-4.950642,1.780324,-4.714819,-5.053360,1.382134,-4.705296,px4_default
84908000,-4.983309,1.738333,-4.713751,-5.081007,1.331469,-4.705106,px4_default
84928000,-5.015389,1.695710,-4.712704,-5.098821,1.297258,-4.704988,px4_default
84948000,-5.046686,1.652260,-4.711686,-5.124607,1.245309,-4.704838,px4_default
84968000,-5.076855,1.607754,-4.710715,-5.149211,1.192702,-4.704689,px4_default
84988000,-5.106382,1.562674,-4.709771,-5.165068,1.157237,-4.704613,px4_default
85008000,-5.135288,1.517046,-4.708854,-5.180092,1.121627,-4.704581,px4_default
85028000,-5.163461,1.470790,-4.707971,-5.201791,1.067671,-4.704580,px4_default
85048000,-5.190411,1.423535,-4.707144,-5.215521,1.031425,-4.704627,px4_default
85068000,-5.216579,1.375716,-4.706356,-5.235031,0.976640,-4.704745,px4_default
85088000,-5.242102,1.327438,-4.705597,-5.247474,0.939779,-4.704904,px4_default
85108000,-5.266726,1.278548,-4.704882,-5.264823,0.884210,-4.705209,px4_default
85128000,-5.290314,1.228976,-4.704217,-5.275726,0.846897,-4.705441,px4_default
85148000,-5.313046,1.178876,-4.703594,-5.291077,0.790543,-4.705778,px4_default
85168000,-5.334953,1.128289,-4.703010,-5.300377,0.752886,-4.706039,px4_default
85188000,-5.355863,1.077167,-4.702472,-5.313443,0.696023,-4.706464,px4_default
85208000,-5.375787,1.025543,-4.701980,-5.321396,0.657971,-4.706776,px4_default
85228000,-5.394820,0.973488,-4.701528,-5.332436,0.600561,-4.707257,px4_default
85248000,-5.413046,0.921055,-4.701112,-5.339043,0.562189,-4.707603,px4_default
85268000,-5.430123,0.868109,-4.700746,-5.347802,0.504527,-4.708164,px4_default
85288000,-5.446099,0.814745,-4.700424,-5.353029,0.465900,-4.708544,px4_default
85308000,-5.461152,0.761048,-4.700138,-5.359516,0.408134,-4.709138,px4_default
85328000,-5.475430,0.707084,-4.699881,-5.363159,0.369560,-4.709486,px4_default
85348000,-5.488743,0.652799,-4.699660,-5.367618,0.311629,-4.709826,px4_default
85368000,-5.500477,0.598060,-4.699491,-5.369696,0.273188,-4.709972,px4_default
85388000,-5.511357,0.543097,-4.699348,-5.371897,0.215368,-4.710129,px4_default
85408000,-5.521447,0.487935,-4.699227,-5.372599,0.176873,-4.710234,px4_default
85428000,-5.530618,0.432562,-4.699131,-5.372505,0.119218,-4.710404,px4_default
85448000,-5.538191,0.376889,-4.699074,-5.371807,0.080692,-4.710566,px4_default
85468000,-5.544716,0.321052,-4.699036,-5.369411,0.023222,-4.710855,px4_default
85488000,-5.550416,0.265091,-4.699000,-5.367302,-0.015317,-4.711054,px4_default
85508000,-5.555057,0.208989,-4.698926,-5.362792,-0.072728,-4.711458,px4_default
85528000,-5.558481,0.152746,-4.698784,-5.359058,-0.110940,-4.711765,px4_default
85548000,-5.560765,0.096430,-4.698575,-5.352371,-0.168156,-4.712269,px4_default
85568000,-5.562066,0.040062,-4.698340,-5.346979,-0.205947,-4.712676,px4_default
85588000,-5.562267,-0.016344,-4.698120,-5.337932,-0.262631,-4.713336,px4_default
85608000,-5.561314,-0.072768,-4.697926,-5.331132,-0.300229,-4.713843,px4_default
85628000,-5.559268,-0.129187,-4.697762,-5.319813,-0.356342,-4.714708,px4_default
85648000,-5.556309,-0.185571,-4.697625,-5.311646,-0.393728,-4.715318,px4_default
85668000,-5.552195,-0.241883,-4.697526,-5.298146,-0.449234,-4.716347,px4_default
85688000,-5.546848,-0.298078,-4.697467,-5.288489,-0.486102,-4.717114,px4_default
85708000,-5.540492,-0.354163,-4.697443,-5.273027,-0.541188,-4.718307,px4_default
85728000,-5.533356,-0.410150,-4.697450,-5.261959,-0.577516,-4.719141,px4_default
85748000,-5.525329,-0.466018,-4.697492,-5.244633,-0.632163,-4.720426,px4_default
85768000,-5.515649,-0.521558,-4.697616,-5.232358,-0.668138,-4.721333,px4_default
85788000,-5.505136,-0.576908,-4.697783,-5.213114,-0.721949,-4.722728,px4_default
85808000,-5.493874,-0.632079,-4.697990,-5.199659,-0.757530,-4.723722,px4_default
85828000,-5.481771,-0.687036,-4.698245,-5.178555,-0.810452,-4.725264,px4_default
85848000,-5.468297,-0.741604,-4.698577,-5.163949,-0.845607,-4.726309,px4_default
85868000,-5.453803,-0.795842,-4.698972,-5.141048,-0.897576,-4.727938,px4_default
85888000,-5.438571,-0.849826,-4.699411,-5.125230,-0.931973,-4.729051,px4_default
85908000,-5.422456,-0.903474,-4.699906,-5.100685,-0.983182,-4.730755,px4_default
85928000,-5.405328,-0.956711,-4.700465,-5.083699,-1.016760,-4.731974,px4_default
85948000,-5.387130,-1.009474,-4.701093,-5.057482,-1.066849,-4.733824,px4_default
85968000,-5.368106,-1.061855,-4.701776,-5.039461,-1.099857,-4.735090,px4_default
85988000,-5.348240,-1.113828,-4.702514,-5.011632,-1.148801,-4.737050,px4_default
86008000,-5.327425,-1.165293,-4.703314,-4.992608,-1.181223,-4.738371,px4_default
86028000,-5.305659,-1.216211,-4.704179,-4.963335,-1.229220,-4.740385,px4_default
86048000,-5.283152,-1.266679,-4.705092,-4.943372,-1.260973,-4.741699,px4_default
86068000,-5.259801,-1.316624,-4.706061,-4.912651,-1.307616,-4.743697,px4_default
86088000,-5.235401,-1.365870,-4.707098,-4.891724,-1.338335,-4.745036,px4_default
86108000,-5.210155,-1.414520,-4.708189,-4.859670,-1.383834,-4.746993,px4_default
86128000,-5.184292,-1.462698,-4.709319,-4.837823,-1.413452,-4.748312,px4_default
86148000,-5.157730,-1.510335,-4.710493,-4.804424,-1.457405,-4.750290,px4_default
86168000,-5.129934,-1.556951,-4.711740,-4.781711,-1.486177,-4.751602,px4_default
86188000,-5.101433,-1.602954,-4.713026,-4.746995,-1.528504,-4.753594,px4_default
86208000,-5.072317,-1.648402,-4.714345,-4.723450,-1.556365,-4.754917,px4_default
86228000,-5.042562,-1.693250,-4.715699,-4.687462,-1.597011,-4.756939,px4_default
86248000,-5.011822,-1.737111,-4.717102,-4.663080,-1.623634,-4.758296,px4_default
86268000,-4.980229,-1.780062,-4.718541,-4.625930,-1.662840,-4.760336,px4_default
86288000,-4.948067,-1.822386,-4.720003,-4.600777,-1.688471,-4.761703,px4_default
86308000,-4.915267,-1.863983,-4.721489,-4.562477,-1.726142,-4.763754,px4_default
86328000,-4.881735,-1.904722,-4.722999,-4.536528,-1.750411,-4.765134,px4_default
86348000,-4.847320,-1.944373,-4.724531,-4.497075,-1.786131,-4.767140,px4_default
86368000,-4.812298,-1.983218,-4.726074,-4.470413,-1.809268,-4.768461,px4_default
86388000,-4.776711,-2.021284,-4.727624,-4.429929,-1.842955,-4.770407,px4_default
86408000,-4.740425,-2.058351,-4.729179,-4.402610,-1.864926,-4.771640,px4_default
86428000,-4.703396,-2.094320,-4.730733,-4.361168,-1.896521,-4.773484,px4_default
86448000,-4.665824,-2.129450,-4.732280,-4.333230,-1.916954,-4.774680,px4_default
86468000,-4.627687,-2.163698,-4.733818,-4.290862,-1.946642,-4.776375,px4_default
86488000,-4.588800,-2.196651,-4.735330,-4.262346,-1.965484,-4.777482,px4_default
86508000,-4.549302,-2.228512,-4.736814,-4.219138,-1.992905,-4.779027,px4_default
86528000,-4.509359,-2.259551,-4.738274,-4.190074,-2.010407,-4.780045,px4_default
86548000,-4.468925,-2.289668,-4.739705,-4.146070,-2.035753,-4.781396,px4_default
86568000,-4.427688,-2.318213,-4.741074,-4.116502,-2.051822,-4.782181,px4_default
86588000,-4.385947,-2.345672,-4.742393,-4.071801,-2.074615,-4.783205,px4_default
86608000,-4.343776,-2.372176,-4.743666,-4.041729,-2.089157,-4.783770,px4_default
86628000,-4.301190,-2.397738,-4.744890,-3.996366,-2.109283,-4.784429,px4_default
86648000,-4.257990,-2.421867,-4.746033,-3.950590,-2.127897,-4.784747,px4_default
86668000,-4.214179,-2.444484,-4.747078,-3.919819,-2.139612,-4.784789,px4_default
86688000,-4.169994,-2.466124,-4.748055,-3.888946,-2.150222,-4.784726,px4_default
86708000,-4.125427,-2.486719,-4.748953,-3.842279,-2.165057,-4.784407,px4_default
86728000,-4.080429,-2.506091,-4.749756,-3.810969,-2.173990,-4.784027,px4_default
86748000,-4.034841,-2.523713,-4.750412,-3.763727,-2.185945,-4.783184,px4_default
86768000,-3.988886,-2.540170,-4.750965,-3.732009,-2.193161,-4.782469,px4_default
86788000,-3.942614,-2.555604,-4.751426,-3.684267,-2.202175,-4.781070,px4_default
86808000,-3.895919,-2.569621,-4.751743,-3.652157,-2.207631,-4.779966,px4_default
86828000,-3.848754,-2.581998,-4.751880,-3.603906,-2.213932,-4.777957,px4_default
86848000,-3.801285,-2.593192,-4.751880,-3.571565,-2.217222,-4.776376,px4_default
86868000,-3.753506,-2.603161,-4.751736,-3.522797,-2.220818,-4.773531,px4_default
86888000,-3.705323,-2.611474,-4.751394,-3.490242,-2.221980,-4.771311,px4_default
86908000,-3.656785,-2.618301,-4.750869,-3.441141,-2.222492,-4.767602,px4_default
86928000,-3.607970,-2.623925,-4.750190,-3.408271,-2.221778,-4.764917,px4_default
86948000,-3.558876,-2.628302,-4.749349,-3.358735,-2.219061,-4.760623,px4_default
86968000,-3.509390,-2.630742,-4.748257,-3.325505,-2.216363,-4.757605,px4_default
86988000,-3.459610,-2.631671,-4.746958,-3.275563,-2.210301,-4.752862,px4_default
87008000,-3.409581,-2.631305,-4.745464,-3.242099,-2.205264,-4.749551,px4_default
87028000,-3.359332,-2.629768,-4.743766,-3.191658,-2.196209,-4.744343,px4_default
87048000,-3.308777,-2.626578,-4.741743,-3.157970,-2.188809,-4.740712,px4_default
87068000,-3.257904,-2.621393,-4.739324,-3.107038,-2.176713,-4.734921,px4_default
87088000,-3.206839,-2.614990,-4.736699,-3.073034,-2.167302,-4.730866,px4_default
87108000,-3.155586,-2.607378,-4.733890,-3.021750,-2.151825,-4.724494,px4_default
87128000,-3.104116,-2.598369,-4.730878,-2.987435,-2.140374,-4.720093,px4_default
87148000,-3.052306,-2.587117,-4.727546,-2.935752,-2.121498,-4.713318,px4_default
87168000,-3.000319,-2.574519,-4.724024,-2.901084,-2.107985,-4.708699,px4_default
87188000,-2.948184,-2.560784,-4.720341,-2.849004,-2.085691,-4.701646,px4_default
87208000,-2.895852,-2.545492,-4.716419,-2.814090,-2.069782,-4.696851,px4_default
87228000,-2.843293,-2.528384,-4.712203,-2.761429,-2.044352,-4.689539,px4_default
87248000,-2.790567,-2.509917,-4.707742,-2.726225,-2.026050,-4.684626,px4_default
87268000,-2.737688,-2.490156,-4.703057,-2.673092,-1.997226,-4.677138,px4_default
87288000,-2.684644,-2.468790,-4.698128,-2.637516,-1.976897,-4.672088,px4_default
87308000,-2.631444,-2.445899,-4.692992,-2.583935,-1.944739,-4.664444,px4_default
87328000,-2.578111,-2.421699,-4.687704,-2.547996,-1.922392,-4.659323,px4_default
87348000,-2.524656,-2.396262,-4.682274,-2.493893,-1.887252,-4.651650,px4_default
87368000,-2.471039,-2.369121,-4.676661,-2.457612,-1.862938,-4.646539,px4_default
87388000,-2.417279,-2.340497,-4.670908,-2.403106,-1.824584,-4.638933,px4_default
87408000,-2.363408,-2.310630,-4.665041,-2.366596,-1.798080,-4.633890,px4_default
87428000,-2.309452,-2.279728,-4.659080,-2.311570,-1.756942,-4.626386,px4_default
87448000,-2.255395,-2.247471,-4.652998,-2.274853,-1.728404,-4.621445,px4_default
87468000,-2.201198,-2.213375,-4.646783,-2.219451,-1.684388,-4.614095,px4_default
87488000,-2.146920,-2.178241,-4.640516,-2.182379,-1.654095,-4.609263,px4_default
87508000,-2.092569,-2.142167,-4.634212,-2.126578,-1.607273,-4.602132,px4_default
87528000,-2.038141,-2.105039,-4.627875,-2.089163,-1.575304,-4.597441,px4_default
87548000,-1.983607,-2.066044,-4.621510,-2.032987,-1.525797,-4.590618,px4_default
87568000,-1.929014,-2.026045,-4.615149,-1.995376,-1.491997,-4.586182,px4_default
87588000,-1.874371,-1.985197,-4.608794,-1.938728,-1.440125,-4.579711,px4_default
87608000,-1.819661,-1.943251,-4.602460,-1.900813,-1.404805,-4.575528,px4_default
87628000,-1.764876,-1.900040,-4.596161,-1.843686,-1.350755,-4.569459,px4_default
87648000,-1.710053,-1.855770,-4.589915,-1.805550,-1.313877,-4.565597,px4_default
87668000,-1.655197,-1.810611,-4.583722,-1.748051,-1.257652,-4.559987,px4_default
87688000,-1.600300,-1.764437,-4.577600,-1.709599,-1.219482,-4.556409,px4_default
87708000,-1.545362,-1.717250,-4.571563,-1.651726,-1.161255,-4.551308,px4_default
87728000,-1.490386,-1.669148,-4.565616,-1.612929,-1.121899,-4.548025,px4_default
87748000,-1.435390,-1.620264,-4.559758,-1.554709,-1.061770,-4.543486,px4_default
87768000,-1.380381,-1.570423,-4.554023,-1.515724,-1.021148,-4.540637,px4_default
87788000,-1.325358,-1.519647,-4.548429,-1.456987,-0.959441,-4.536659,px4_default
87808000,-1.270324,-1.468100,-4.542963,-1.417799,-0.917698,-4.534245,px4_default
87828000,-1.215284,-1.415964,-4.537602,-1.358715,-0.854448,-4.530846,px4_default
87848000,-1.160240,-1.363111,-4.532377,-1.319197,-0.811810,-4.528771,px4_default
87868000,-1.105183,-1.309155,-4.527394,-1.259612,-0.747316,-4.525892,px4_default
87888000,-1.050135,-1.254637,-4.522554,-1.219774,-0.703927,-4.524173,px4_default
87908000,-0.995102,-1.199635,-4.517845,-1.159826,-0.638335,-4.521894,px4_default
87928000,-0.940083,-1.144104,-4.513286,-1.119649,-0.594321,-4.520530,px4_default
87948000,-0.885089,-1.087683,-4.509004,-1.059366,-0.527806,-4.518798,px4_default
87968000,-0.830107,-1.030721,-4.504915,-1.019017,-0.483215,-4.517823,px4_default
87988000,-0.775139,-0.973349,-4.500979,-0.958240,-0.415989,-4.516593,px4_default
88008000,-0.720200,-0.915507,-4.497239,-0.917642,-0.370944,-4.515940,px4_default
88028000,-0.665305,-0.857145,-4.493732,-0.856450,-0.303134,-4.515190,px4_default
88048000,-0.610449,-0.798293,-4.490474,-0.815502,-0.257790,-4.514848,px4_default
88068000,-0.555621,-0.739083,-4.487411,-0.753858,-0.189637,-4.514615,px4_default
88088000,-0.500821,-0.679502,-4.484563,-0.712559,-0.144108,-4.514631,px4_default
88108000,-0.446067,-0.619560,-4.481957,-0.650509,-0.075728,-4.514968,px4_default
88128000,-0.391372,-0.559299,-4.479595,-0.608868,-0.030074,-4.515321,px4_default
88148000,-0.336721,-0.498799,-4.477439,-0.546359,0.038376,-4.516157,px4_default
88168000,-0.282122,-0.438039,-4.475519,-0.504556,0.083990,-4.516887,px4_default
88188000,-0.227577,-0.377019,-4.473888,-0.441640,0.152352,-4.518226,px4_default
88208000,-0.173087,-0.315811,-4.472503,-0.399631,0.197814,-4.519303,px4_default
88228000,-0.118649,-0.254496,-4.471304,-0.336350,0.265920,-4.521158,px4_default
88248000,-0.064274,-0.193067,-4.470324,-0.294049,0.311209,-4.522573,px4_default
88268000,-0.010003,-0.131504,-4.469731,-0.230426,0.378925,-4.524989,px4_default
88288000,0.044207,-0.069903,-4.469358,-0.187831,0.423952,-4.526752,px4_default
88308000,0.098362,-0.008284,-4.469177,-0.123877,0.491096,-4.529714,px4_default
88328000,0.152460,0.053344,-4.469203,-0.081095,0.535641,-4.531878,px4_default
88348000,0.206466,0.114947,-4.469580,-0.016709,0.602111,-4.535391,px4_default
88368000,0.260376,0.176444,-4.470225,0.026237,0.646048,-4.537927,px4_default
88388000,0.314216,0.237852,-4.471064,0.090991,0.711723,-4.541892,px4_default
88408000,0.367980,0.299140,-4.472126,0.134180,0.755048,-4.544738,px4_default
88428000,0.421657,0.360267,-4.473448,0.199189,0.819610,-4.549213,px4_default
88448000,0.475238,0.421158,-4.475072,0.242611,0.862259,-4.552377,px4_default
88468000,0.528740,0.481839,-4.476908,0.307883,0.925591,-4.557354,px4_default
88488000,0.582155,0.542284,-4.478954,0.351545,0.967475,-4.560795,px4_default
88508000,0.635469,0.602414,-4.481248,0.417063,1.029450,-4.566167,px4_default
88528000,0.688679,0.662182,-4.483804,0.460833,1.070337,-4.569854,px4_default
88548000,0.741813,0.721638,-4.486559,0.526626,1.131001,-4.575541,px4_default
88568000,0.794872,0.780767,-4.489518,0.570462,1.170787,-4.579474,px4_default
88588000,0.847801,0.839355,-4.492746,0.636383,1.229818,-4.585497,px4_default
88608000,0.900621,0.897461,-4.496197,0.680383,1.268600,-4.589618,px4_default
88628000,0.953369,0.955200,-4.499803,0.746437,1.325863,-4.595977,px4_default
88648000,1.006031,1.012500,-4.503590,0.790571,1.363554,-4.600289,px4_default
88668000,1.058565,1.069026,-4.507661,0.856784,1.419102,-4.606877,px4_default
88688000,1.111002,1.124996,-4.511906,0.901009,1.455609,-4.611335,px4_default
88708000,1.163352,1.180462,-4.516297,0.967240,1.509102,-4.618129,px4_default
88728000,1.215616,1.235415,-4.520831,1.011444,1.544127,-4.622697,px4_default
88748000,1.267752,1.289510,-4.525586,1.077820,1.595685,-4.629598,px4_default
88768000,1.319772,1.342770,-4.530523,1.122013,1.629141,-4.634236,px4_default
88788000,1.371716,1.395445,-4.535579,1.188412,1.678409,-4.641196,px4_default
88808000,1.423582,1.447476,-4.540759,1.232675,1.710463,-4.645849,px4_default
88828000,1.475356,1.498735,-4.546076,1.299089,1.757308,-4.652809,px4_default
88848000,1.526984,1.548864,-4.551558,1.343436,1.787882,-4.657415,px4_default
88868000,1.578526,1.598238,-4.557136,1.409794,1.832191,-4.664262,px4_default
88888000,1.629989,1.646896,-4.562799,1.454058,1.860960,-4.668777,px4_default
88908000,1.681357,1.694597,-4.568563,1.520485,1.902942,-4.675476,px4_default
88928000,1.732621,1.741175,-4.574429,1.564787,1.930142,-4.679883,px4_default
88948000,1.783796,1.786873,-4.580355,1.631262,1.969751,-4.686347,px4_default
88968000,1.834882,1.831701,-4.586335,1.675478,1.995056,-4.690564,px4_default
88988000,1.885859,1.875278,-4.592371,1.741875,2.031896,-4.696684,px4_default
89008000,1.936744,1.917726,-4.598447,1.786132,2.055516,-4.700636,px4_default
89028000,1.987567,1.959296,-4.604540,1.852468,2.089516,-4.706387,px4_default
89048000,2.038319,1.999884,-4.610648,1.896724,2.111405,-4.710109,px4_default
89068000,2.088957,2.038931,-4.616754,1.963011,2.142494,-4.715488,px4_default
89088000,2.139493,2.076786,-4.622823,2.007220,2.162318,-4.718934,px4_default
89108000,2.189941,2.113598,-4.628847,2.073542,2.190694,-4.723861,px4_default
89128000,2.240316,2.149440,-4.634821,2.117724,2.208408,-4.726990,px4_default
89148000,2.290599,2.183787,-4.640705,2.184090,2.233734,-4.731422,px4_default
89168000,2.340905,2.216593,-4.646499,2.228333,2.249594,-4.734198,px4_default
89188000,2.391152,2.248332,-4.652219,2.294750,2.272108,-4.738070,px4_default
89208000,2.441287,2.278961,-4.657855,2.339041,2.286069,-4.740449,px4_default
89228000,2.491281,2.308297,-4.663383,2.405470,2.305423,-4.743685,px4_default
89248000,2.541167,2.335642,-4.668731,2.449780,2.317449,-4.745636,px4_default
89268000,2.590989,2.361784,-4.673955,2.516153,2.333598,-4.748277,px4_default
89288000,2.640758,2.386878,-4.679067,2.560403,2.343375,-4.749815,px4_default
89308000,2.690513,2.410521,-4.684013,2.626746,2.356553,-4.751843,px4_default
89328000,2.740273,2.432396,-4.688744,2.670893,2.364037,-4.753002,px4_default
89348000,2.789882,2.452922,-4.693284,2.737148,2.373879,-4.754481,px4_default
89368000,2.839363,2.472166,-4.697639,2.781288,2.379331,-4.755259,px4_default
89388000,2.888747,2.489752,-4.701743,2.847433,2.385814,-4.756088,px4_default
89408000,2.938049,2.505771,-4.705607,2.891518,2.389206,-4.756422,px4_default
89428000,2.987278,2.520484,-4.709271,2.957592,2.392262,-4.756571,px4_default
89448000,3.036433,2.533870,-4.712735,3.001657,2.393552,-4.756485,px4_default
89468000,3.085478,2.545394,-4.715925,3.067595,2.393481,-4.756020,px4_default
89488000,3.134501,2.555354,-4.718886,3.111511,2.392395,-4.755505,px4_default
89508000,3.183479,2.563960,-4.721645,3.177312,2.389204,-4.754448,px4_default
89528000,3.232355,2.571382,-4.724219,3.221036,2.385773,-4.753602,px4_default
89548000,3.281010,2.577116,-4.726521,3.286552,2.379207,-4.752154,px4_default
89568000,3.329505,2.580829,-4.728484,3.330148,2.373710,-4.751073,px4_default
89588000,3.377896,2.583304,-4.730243,3.395379,2.363752,-4.749307,px4_default
89608000,3.426184,2.584629,-4.731815,3.438781,2.356155,-4.748059,px4_default
89628000,3.474370,2.584657,-4.733180,3.503703,2.342803,-4.746069,px4_default
89648000,3.522462,2.582382,-4.734188,3.546873,2.332869,-4.744686,px4_default
89668000,3.570336,2.578856,-4.735007,3.611422,2.316441,-4.742526,px4_default
89688000,3.618018,2.574248,-4.735669,3.675643,2.297909,-4.740306,px4_default
89708000,3.665479,2.568213,-4.736142,3.718366,2.284803,-4.738771,px4_default
89728000,3.712696,2.560458,-4.736411,3.760825,2.270619,-4.737242,px4_default
89748000,3.759683,2.551296,-4.736536,3.824215,2.248007,-4.734949,px4_default
89768000,3.806492,2.540937,-4.736545,3.866226,2.231890,-4.733455,px4_default
89788000,3.853120,2.529108,-4.736421,3.928826,2.206180,-4.731241,px4_default
89808000,3.899474,2.515843,-4.736173,3.970314,2.188187,-4.729784,px4_default
89828000,3.945479,2.501335,-4.735826,4.031962,2.159489,-4.727644,px4_default
89848000,3.991181,2.485669,-4.735391,4.072773,2.139458,-4.726229,px4_default
89868000,4.036533,2.468545,-4.734855,4.133496,2.108095,-4.724154,px4_default
89888000,4.081520,2.450035,-4.734235,4.173521,2.086133,-4.722845,px4_default
89908000,4.126180,2.430347,-4.733548,4.233118,2.052049,-4.720929,px4_default
89928000,4.170567,2.409721,-4.732811,4.272457,2.028460,-4.719694,px4_default
89948000,4.214581,2.387858,-4.732015,4.330808,1.991802,-4.717908,px4_default
89968000,4.258147,2.364229,-4.731150,4.369339,1.966652,-4.716759,px4_default
89988000,4.301344,2.339620,-4.730251,4.426490,1.927707,-4.715124,px4_default
90008000,4.344171,2.314176,-4.729329,4.464190,1.901068,-4.714072,px4_default
90028000,4.386589,2.287819,-4.728382,4.519855,1.859795,-4.712609,px4_default
90048000,4.428292,2.259713,-4.727400,4.556517,1.831583,-4.711698,px4_default
90068000,4.469561,2.230642,-4.726408,4.610820,1.788249,-4.710394,px4_default
90088000,4.510470,2.200757,-4.725409,4.646390,1.758564,-4.709599,px4_default
90108000,4.550949,2.169833,-4.724403,4.699038,1.713153,-4.708496,px4_default
90128000,4.590901,2.137669,-4.723395,4.733569,1.682204,-4.707839,px4_default
90148000,4.630162,2.104461,-4.722397,4.784431,1.634840,-4.706980,px4_default
90168000,4.668912,2.070446,-4.721408,4.817809,1.602735,-4.706470,px4_default
90188000,4.707093,2.035487,-4.720434,4.866774,1.553570,-4.705868,px4_default
90208000,4.744654,1.999534,-4.719478,4.898824,1.520274,-4.705540,px4_default
90228000,4.781598,1.962632,-4.718544,4.945973,1.469579,-4.705163,px4_default
90248000,4.818020,1.924881,-4.717632,4.976781,1.435316,-4.705009,px4_default
90268000,4.853858,1.886143,-4.716746,5.022101,1.383224,-4.704859,px4_default
90288000,4.888879,1.846478,-4.715897,5.051513,1.348016,-4.704847,px4_default
90308000,4.923181,1.806031,-4.715082,5.094710,1.294624,-4.704916,px4_default
90328000,4.956954,1.764980,-4.714293,5.122810,1.258615,-4.705029,px4_default
90348000,4.990090,1.723186,-4.713537,5.163903,1.204028,-4.705297,px4_default
90368000,5.022110,1.680205,-4.712839,5.190652,1.167289,-4.705535,px4_default
90388000,5.053477,1.636572,-4.712174,5.229493,1.111625,-4.706066,px4_default
90408000,5.084278,1.592384,-4.711540,5.254673,1.074206,-4.706486,px4_default
90428000,5.114464,1.547581,-4.710935,5.291314,1.017646,-4.707243,px4_default
90448000,5.143559,1.501607,-4.710378,5.314831,0.979661,-4.707846,px4_default
90468000,5.171783,1.455062,-4.709850,5.349074,0.922271,-4.708785,px4_default
90488000,5.199336,1.408062,-4.709347,5.371089,0.883757,-4.709458,px4_default
90508000,5.226109,1.360505,-4.708874,5.402966,0.825639,-4.710492,px4_default
90528000,5.251957,1.312275,-4.708439,5.423322,0.786694,-4.711221,px4_default
90548000,5.276736,1.263330,-4.708054,5.452565,0.727972,-4.712327,px4_default
90568000,5.300779,1.213860,-4.707700,5.471272,0.688626,-4.713060,px4_default
90588000,5.324031,1.163803,-4.707382,5.497777,0.629387,-4.714243,px4_default
90608000,5.346318,1.113192,-4.707103,5.514609,0.589717,-4.715017,px4_default
90628000,5.367532,1.062119,-4.706865,5.538592,0.529963,-4.716172,px4_default
90648000,5.387882,1.010636,-4.706660,5.553524,0.490021,-4.716962,px4_default
90668000,5.407348,0.958718,-4.706486,5.574681,0.429885,-4.718113,px4_default
90688000,5.425644,0.906276,-4.706350,5.587830,0.389680,-4.718878,px4_default
90708000,5.442921,0.853363,-4.706246,5.606121,0.329226,-4.719988,px4_default
90728000,5.459465,0.800086,-4.706164,5.617466,0.288806,-4.720667,px4_default
90748000,5.475113,0.746379,-4.706108,5.632856,0.228138,-4.721625,px4_default
90768000,5.489221,0.692306,-4.706086,5.642383,0.187575,-4.722134,px4_default
90788000,5.502358,0.637960,-4.706081,5.655115,0.126803,-4.722618,px4_default
90808000,5.514663,0.583369,-4.706090,5.662707,0.086263,-4.722761,px4_default
90828000,5.526118,0.528540,-4.706110,5.672711,0.025419,-4.722805,px4_default
90848000,5.536079,0.473328,-4.706146,5.678291,-0.015100,-4.722696,px4_default
90868000,5.544849,0.417862,-4.706192,5.685314,-0.075932,-4.722509,px4_default
90888000,5.552746,0.362190,-4.706242,5.688983,-0.116468,-4.722370,px4_default
90908000,5.559678,0.306269,-4.706298,5.692960,-0.177247,-4.722138,px4_default
90928000,5.565471,0.250074,-4.706344,5.694703,-0.217777,-4.721963,px4_default
90948000,5.569787,0.193822,-4.706262,5.695618,-0.278424,-4.721616,px4_default
90968000,5.573170,0.137501,-4.706101,5.695270,-0.318800,-4.721334,px4_default
90988000,5.575621,0.081097,-4.705861,5.693312,-0.379261,-4.720855,px4_default
91008000,5.576910,0.024619,-4.705581,5.690862,-0.419397,-4.720526,px4_default
91028000,5.576866,-0.031920,-4.705312,5.685988,-0.479570,-4.720068,px4_default
91048000,5.575807,-0.088540,-4.705055,5.681603,-0.519445,-4.719769,px4_default
91068000,5.573797,-0.145235,-4.704812,5.673678,-0.579071,-4.719353,px4_default
91088000,5.570450,-0.201757,-4.704586,5.667393,-0.618610,-4.719086,px4_default
91108000,5.565934,-0.258107,-4.704362,5.656470,-0.677559,-4.718738,px4_default
91128000,5.560602,-0.314361,-4.704128,5.648313,-0.716692,-4.718537,px4_default
91148000,5.554307,-0.370493,-4.703881,5.634439,-0.774825,-4.718335,px4_default
91168000,5.546592,-0.426392,-4.703633,5.624279,-0.813339,-4.718241,px4_default
91188000,5.537853,-0.482169,-4.703412,5.607690,-0.870727,-4.718154,px4_default
91208000,5.528237,-0.537817,-4.703225,5.595613,-0.908587,-4.718146,px4_default
91228000,5.517805,-0.593279,-4.703070,5.576285,-0.965035,-4.718184,px4_default
91248000,5.506088,-0.648273,-4.702973,5.562509,-1.002344,-4.718245,px4_default
91268000,5.493202,-0.702915,-4.702934,5.540544,-1.057800,-4.718414,px4_default
91288000,5.479517,-0.757300,-4.702937,5.525132,-1.094505,-4.718565,px4_default
91308000,5.465024,-0.811408,-4.702982,5.500818,-1.148975,-4.718865,px4_default
91328000,5.449605,-0.865184,-4.703079,5.483883,-1.184986,-4.719089,px4_default
91348000,5.432827,-0.918410,-4.703256,5.457267,-1.238243,-4.719491,px4_default
91368000,5.415245,-0.971352,-4.703481,5.438810,-1.273378,-4.719797,px4_default
91388000,5.396914,-1.024038,-4.703752,5.410073,-1.325511,-4.720324,px4_default
91408000,5.377648,-1.076243,-4.704082,5.390173,-1.359727,-4.720727,px4_default
91428000,5.357293,-1.127740,-4.704484,5.359335,-1.410514,-4.721395,px4_default
91448000,5.336140,-1.178772,-4.704938,5.338074,-1.443909,-4.721903,px4_default
91468000,5.314255,-1.229374,-4.705441,5.305135,-1.493287,-4.722731,px4_default
91488000,5.291385,-1.279350,-4.706006,5.282547,-1.525811,-4.723321,px4_default
91508000,5.267588,-1.328755,-4.706631,5.247608,-1.573717,-4.724277,px4_default
91528000,5.243057,-1.377736,-4.707302,5.223692,-1.605187,-4.724929,px4_default
91548000,5.217755,-1.426191,-4.708022,5.186902,-1.651676,-4.725938,px4_default
91568000,5.191504,-1.473743,-4.708806,5.161783,-1.682157,-4.726614,px4_default
91588000,5.164460,-1.520598,-4.709639,5.123237,-1.727092,-4.727667,px4_default
91608000,5.136726,-1.566853,-4.710516,5.096963,-1.756302,-4.728407,px4_default
91628000,5.108396,-1.612570,-4.711429,5.056765,-1.799357,-4.729541,px4_default
91648000,5.079157,-1.657438,-4.712396,5.029424,-1.827421,-4.730314,px4_default
91668000,5.048916,-1.701464,-4.713417,4.987666,-1.868546,-4.731473,px4_default
91688000,5.018067,-1.744847,-4.714470,4.959349,-1.895430,-4.732260,px4_default
91708000,4.986681,-1.787566,-4.715552,4.916136,-1.934537,-4.733457,px4_default
91728000,4.954710,-1.829518,-4.716662,4.886875,-1.959989,-4.734254,px4_default
91748000,4.921668,-1.870187,-4.717820,4.842317,-1.997221,-4.735407,px4_default
91768000,4.888069,-1.910138,-4.718997,4.812183,-2.021208,-4.736161,px4_default
91788000,4.853971,-1.949440,-4.720193,4.766350,-2.056293,-4.737286,px4_default
91808000,4.819222,-1.987853,-4.721408,4.735380,-2.078943,-4.738072,px4_default
91828000,4.783664,-2.025137,-4.722644,4.688332,-2.111979,-4.739219,px4_default
91848000,4.747437,-2.061574,-4.723891,4.656590,-2.133230,-4.739958,px4_default
91868000,4.710667,-2.097243,-4.725146,4.608430,-2.163918,-4.741002,px4_default
91888000,4.673311,-2.131807,-4.726401,4.575954,-2.183718,-4.741659,px4_default
91908000,4.635377,-2.165272,-4.727652,4.526775,-2.211996,-4.742568,px4_default
91928000,4.596921,-2.197808,-4.728897,4.493649,-2.230108,-4.743136,px4_default
91948000,4.557954,-2.229405,-4.730131,4.443465,-2.256153,-4.743907,px4_default
91968000,4.518359,-2.259800,-4.731347,4.409716,-2.272534,-4.744356,px4_default
91988000,4.478138,-2.289097,-4.732540,4.358613,-2.296034,-4.744948,px4_default
92008000,4.437397,-2.317406,-4.733707,4.324245,-2.310825,-4.745279,px4_default
92028000,4.396287,-2.344852,-4.734849,4.272255,-2.331677,-4.745687,px4_default
92048000,4.354720,-2.371025,-4.735950,4.237296,-2.344835,-4.745919,px4_default
92068000,4.312514,-2.395645,-4.736989,4.184471,-2.363021,-4.746190,px4_default
92088000,4.269917,-2.419272,-4.737983,4.148960,-2.374534,-4.746288,px4_default
92108000,4.226981,-2.442014,-4.738935,4.095374,-2.390251,-4.746367,px4_default
92128000,4.183669,-2.463789,-4.739838,4.059416,-2.399898,-4.746338,px4_default
92148000,4.139515,-2.483618,-4.740631,4.005140,-2.413114,-4.746141,px4_default
92168000,4.095098,-2.502373,-4.741355,3.968812,-2.420848,-4.745921,px4_default
92188000,4.050437,-2.520169,-4.742017,3.913979,-2.431255,-4.745413,px4_default
92208000,4.005438,-2.536740,-4.742595,3.877236,-2.437251,-4.744949,px4_default
92228000,3.959998,-2.551795,-4.743061,3.821874,-2.444801,-4.744043,px4_default
92248000,3.914179,-2.565434,-4.743413,3.784767,-2.449008,-4.743297,px4_default
92268000,3.868078,-2.577983,-4.743674,3.728961,-2.453649,-4.741929,px4_default
92288000,3.821646,-2.589185,-4.743817,3.691613,-2.455829,-4.740816,px4_default
92308000,3.774842,-2.598968,-4.743828,3.635384,-2.457714,-4.738865,px4_default
92328000,3.727661,-2.607412,-4.743707,3.597847,-2.457834,-4.737376,px4_default
92348000,3.680223,-2.614576,-4.743457,3.541238,-2.456933,-4.734840,px4_default
92368000,3.632593,-2.620269,-4.743053,3.503479,-2.455190,-4.732828,px4_default
92388000,3.584701,-2.624386,-4.742472,3.446645,-2.451326,-4.729264,px4_default
92408000,3.536571,-2.627107,-4.741727,3.408669,-2.447751,-4.726593,px4_default
92428000,3.488269,-2.628745,-4.740849,3.351577,-2.440885,-4.722266,px4_default
92448000,3.439746,-2.628950,-4.739793,3.313383,-2.435400,-4.719240,px4_default
92468000,3.390810,-2.627049,-4.738453,3.256036,-2.425429,-4.714463,px4_default
92488000,3.341736,-2.623851,-4.736936,3.217722,-2.417783,-4.711131,px4_default
92508000,3.292597,-2.619540,-4.735263,3.160137,-2.404835,-4.705839,px4_default
92528000,3.243388,-2.614047,-4.733408,3.121773,-2.395028,-4.702095,px4_default
92548000,3.193969,-2.606273,-4.731088,3.064086,-2.378913,-4.696178,px4_default
92568000,3.144442,-2.597162,-4.728497,3.025595,-2.367089,-4.692049,px4_default
92588000,3.094810,-2.586917,-4.725693,2.967818,-2.347722,-4.685584,px4_default
92608000,3.045008,-2.575279,-4.722670,2.929207,-2.333853,-4.681118,px4_default
92628000,2.994985,-2.561913,-4.719409,2.871246,-2.311429,-4.674210,px4_default
92648000,2.944935,-2.546774,-4.715901,2.832508,-2.295511,-4.669513,px4_default
92668000,2.894831,-2.530419,-4.712204,2.774453,-2.269845,-4.662337,px4_default
92688000,2.844628,-2.512680,-4.708272,2.735686,-2.251697,-4.657508,px4_default
92708000,2.794307,-2.493413,-4.704073,2.677434,-2.222922,-4.650212,px4_default
92728000,2.743866,-2.472592,-4.699605,2.638633,-2.202549,-4.645338,px4_default
92748000,2.693322,-2.450442,-4.694919,2.580277,-2.170524,-4.638018,px4_default
92768000,2.642670,-2.426929,-4.690018,2.541336,-2.148088,-4.633176,px4_default
92788000,2.591797,-2.401738,-4.684871,2.482891,-2.112836,-4.625923,px4_default
92808000,2.540764,-2.375077,-4.679528,2.443826,-2.088385,-4.621090,px4_default
92828000,2.489700,-2.347394,-4.674078,2.385238,-2.050031,-4.613812,px4_default
92848000,2.438621,-2.318477,-4.668507,2.346076,-2.023495,-4.608959,px4_default
92868000,2.387388,-2.287580,-4.662782,2.287170,-1.982255,-4.601706,px4_default
92888000,2.336064,-2.255486,-4.656977,2.247793,-1.953827,-4.596904,px4_default
92908000,2.284656,-2.222393,-4.651109,2.188566,-1.909813,-4.589716,px4_default
92928000,2.233145,-2.188258,-4.645180,2.149044,-1.879496,-4.584914,px4_default
92948000,2.181349,-2.152156,-4.639146,2.089570,-1.832783,-4.577780,px4_default
92968000,2.129562,-2.114898,-4.633087,2.049839,-1.800764,-4.573066,px4_default
92988000,2.077761,-2.076730,-4.627009,1.990105,-1.751447,-4.566095,px4_default
93008000,2.025910,-2.037538,-4.620917,1.950144,-1.717775,-4.561515,px4_default
93028000,1.973971,-1.997118,-4.614812,1.890141,-1.665872,-4.554790,px4_default
93048000,1.921928,-1.955232,-4.608717,1.850023,-1.630461,-4.550423,px4_default
93068000,1.869775,-1.912411,-4.602623,1.789673,-1.576162,-4.544088,px4_default
93088000,1.817476,-1.868582,-4.596527,1.749377,-1.539094,-4.540034,px4_default
93108000,1.765100,-1.823672,-4.590448,1.688700,-1.482436,-4.534153,px4_default
93128000,1.712748,-1.777685,-4.584416,1.648129,-1.443921,-4.530371,px4_default
93148000,1.660345,-1.730808,-4.578444,1.587025,-1.385175,-4.524916,px4_default
93168000,1.607877,-1.683107,-4.572534,1.546158,-1.345344,-4.521429,px4_default
93188000,1.555312,-1.634299,-4.566733,1.484669,-1.284626,-4.516433,px4_default
93208000,1.502659,-1.584517,-4.561041,1.443508,-1.243556,-4.513247,px4_default
93228000,1.449941,-1.534091,-4.555434,1.381637,-1.181016,-4.508746,px4_default
93248000,1.397132,-1.482862,-4.549934,1.340238,-1.138769,-4.505950,px4_default
93268000,1.344067,-1.430399,-4.544600,1.277910,-1.074602,-4.502048,px4_default
93288000,1.290953,-1.377243,-4.539408,1.236240,-1.031288,-4.499667,px4_default
93308000,1.237839,-1.323557,-4.534345,1.173474,-0.965622,-4.496366,px4_default
93328000,1.184701,-1.269353,-4.529408,1.131489,-0.921392,-4.494375,px4_default
93348000,1.131439,-1.214204,-4.524697,1.068285,-0.854412,-4.491728,px4_default
93368000,1.078080,-1.158368,-4.520181,1.025971,-0.809363,-4.490139,px4_default
93388000,1.024617,-1.102008,-4.515810,0.962345,-0.741207,-4.488173,px4_default
93408000,0.971013,-1.045085,-4.511593,0.919723,-0.695430,-4.487031,px4_default
93428000,0.917241,-0.987518,-4.507561,0.855683,-0.626299,-4.485729,px4_default
93448000,0.863486,-0.929379,-4.503827,0.812845,-0.579952,-4.485090,px4_default
93468000,0.809684,-0.870881,-4.500268,0.748368,-0.510076,-4.484476,px4_default
93488000,0.755814,-0.812019,-4.496881,0.705291,-0.463323,-4.484334,px4_default
93508000,0.701856,-0.752725,-4.493716,0.640415,-0.392912,-4.484410,px4_default
93528000,0.647784,-0.692942,-4.490827,0.597024,-0.345842,-4.484675,px4_default
93548000,0.593548,-0.632745,-4.488147,0.531707,-0.275094,-4.485393,px4_default
93568000,0.539172,-0.572195,-4.485654,0.487986,-0.227809,-4.486056,px4_default
93588000,0.484785,-0.511409,-4.483441,0.422160,-0.156926,-4.487411,px4_default
93608000,0.430388,-0.450426,-4.481493,0.378114,-0.109644,-4.488530,px4_default
93628000,0.375928,-0.389270,-4.479741,0.311805,-0.038715,-4.490493,px4_default
93648000,0.321397,-0.327925,-4.478215,0.267426,0.008432,-4.492031,px4_default
93668000,0.266772,-0.266380,-4.477002,0.200600,0.079238,-4.494511,px4_default
93688000,0.212076,-0.204719,-4.476038,0.155903,0.126236,-4.496366,px4_default
93708000,0.157307,-0.142964,-4.475290,0.088625,0.196632,-4.499392,px4_default
93728000,0.102444,-0.081110,-4.474736,0.043625,0.243395,-4.501614,px4_default
93748000,0.047366,-0.019054,-4.474503,-0.024072,0.313233,-4.505234,px4_default
93768000,-0.007658,0.042839,-4.474568,-0.069339,0.359658,-4.507810,px4_default
93788000,-0.062678,0.104639,-4.474843,-0.137430,0.428724,-4.511988,px4_default
93808000,-0.117725,0.166365,-4.475320,-0.182946,0.474524,-4.514937,px4_default
93828000,-0.172818,0.228014,-4.476027,-0.251397,0.542830,-4.519582,px4_default
93848000,-0.227980,0.289452,-4.477113,-0.297148,0.587925,-4.522898,px4_default
93868000,-0.283244,0.350815,-4.478401,-0.365922,0.655201,-4.528048,px4_default
93888000,-0.338611,0.412115,-4.479877,-0.411852,0.699685,-4.531623,px4_default
93908000,-0.393997,0.473167,-4.481595,-0.480821,0.765791,-4.537202,px4_default
93928000,-0.449290,0.533738,-4.483623,-0.526871,0.809553,-4.541037,px4_default
93948000,-0.504602,0.594012,-4.485873,-0.595982,0.874475,-4.547008,px4_default
93968000,-0.559930,0.654022,-4.488311,-0.642106,0.917396,-4.551090,px4_default
93988000,-0.615272,0.713630,-4.491000,-0.711264,0.980787,-4.557443,px4_default
94008000,-0.670662,0.772855,-4.493935,-0.757393,1.022577,-4.561782,px4_default
94028000,-0.726142,0.831792,-4.497066,-0.826611,1.084530,-4.568484,px4_default
94048000,-0.781643,0.890327,-4.500402,-0.872716,1.125089,-4.573081,px4_default
94068000,-0.837012,0.948163,-4.503974,-0.941913,1.185245,-4.580050,px4_default
94088000,-0.892336,1.005414,-4.507754,-0.988034,1.224731,-4.584762,px4_default
94108000,-0.947639,1.062154,-4.511713,-1.057183,1.282987,-4.591872,px4_default
94128000,-1.002923,1.118451,-4.515816,-1.103284,1.321319,-4.596622,px4_default
94148000,-1.058171,1.174037,-4.520138,-1.172283,1.377529,-4.603766,px4_default
94168000,-1.113365,1.228789,-4.524678,-1.218246,1.414371,-4.608510,px4_default
94188000,-1.168561,1.282994,-4.529362,-1.287099,1.468664,-4.615587,px4_default
94208000,-1.223786,1.336720,-4.534174,-1.332938,1.504193,-4.620298,px4_default
94228000,-1.279029,1.389900,-4.539124,-1.401594,1.556468,-4.627315,px4_default
94248000,-1.333988,1.441641,-4.544291,-1.447224,1.590333,-4.631966,px4_default
94268000,-1.388877,1.492710,-4.549558,-1.515578,1.640185,-4.638857,px4_default
94288000,-1.443703,1.543156,-4.554916,-1.561045,1.672606,-4.643397,px4_default
94308000,-1.498442,1.592773,-4.560380,-1.629055,1.719976,-4.650169,px4_default
94328000,-1.553071,1.641301,-4.565967,-1.674307,1.750883,-4.654653,px4_default
94348000,-1.607695,1.688948,-4.571632,-1.741906,1.795630,-4.661326,px4_default
94368000,-1.662263,1.735855,-4.577348,-1.786866,1.824659,-4.665712,px4_default
94388000,-1.716630,1.781688,-4.583108,-1.854116,1.866982,-4.672162,px4_default
94408000,-1.770800,1.826395,-4.588910,-1.898784,1.894084,-4.676354,px4_default
94428000,-1.824848,1.870108,-4.594753,-1.965662,1.933616,-4.682492,px4_default
94448000,-1.878774,1.912830,-4.600628,-2.010123,1.959020,-4.686500,px4_default
94468000,-1.932558,1.954401,-4.606528,-2.076624,1.995972,-4.692348,px4_default
94488000,-1.986278,1.994830,-4.612446,-2.120810,2.019640,-4.696120,px4_default
94508000,-2.039917,2.034205,-4.618370,-2.186839,2.053667,-4.701539,px4_default
94528000,-2.093415,2.072680,-4.624282,-2.230725,2.075558,-4.704988,px4_default
94548000,-2.146649,2.109828,-4.630164,-2.296155,2.106603,-4.709903,px4_default
94568000,-2.199678,2.145344,-4.635994,-2.339614,2.126394,-4.713033,px4_default
94588000,-2.252573,2.179781,-4.641779,-2.404548,2.154703,-4.717550,px4_default
94608000,-2.305352,2.213288,-4.647518,-2.447604,2.172351,-4.720429,px4_default
94628000,-2.358009,2.245805,-4.653205,-2.512021,2.197549,-4.724535,px4_default
94648000,-2.410401,2.276181,-4.658745,-2.554808,2.213306,-4.727105,px4_default
94668000,-2.462746,2.305509,-4.664180,-2.618711,2.235365,-4.730736,px4_default
94688000,-2.515022,2.333866,-4.669517,-2.661192,2.249196,-4.733012,px4_default
94708000,-2.567133,2.360979,-4.674722,-2.724597,2.268058,-4.736139,px4_default
94728000,-2.618960,2.386471,-4.679750,-2.766808,2.279941,-4.738032,px4_default
94748000,-2.670623,2.410349,-4.684635,-2.829679,2.295895,-4.740518,px4_default
94768000,-2.722178,2.433108,-4.689414,-2.871451,2.305558,-4.741946,px4_default
94788000,-2.773607,2.454503,-4.694061,-2.933907,2.318586,-4.743726,px4_default
94808000,-2.824949,2.474417,-4.698557,-2.975290,2.326001,-4.744647,px4_default
94828000,-2.876266,2.492870,-4.702901,-3.037179,2.335788,-4.745614,px4_default
94848000,-2.927460,2.509932,-4.707088,-3.078271,2.341230,-4.745995,px4_default
94868000,-2.978459,2.525544,-4.711101,-3.139640,2.347739,-4.746269,px4_default
94888000,-3.029329,2.539500,-4.714875,-3.180431,2.351136,-4.746321,px4_default
94908000,-3.080106,2.551960,-4.718414,-3.241316,2.354283,-4.746199,px4_default
94928000,-3.130819,2.563318,-4.721768,-3.281782,2.355352,-4.746008,px4_default
94948000,-3.181447,2.573246,-4.724875,-3.342246,2.355405,-4.745596,px4_default
94968000,-3.232087,2.581090,-4.727589,-3.382339,2.354148,-4.745232,px4_default
94988000,-3.282623,2.587606,-4.730037,-3.442414,2.351082,-4.744630,px4_default
95008000,-3.333014,2.593018,-4.732264,-3.482237,2.347745,-4.744193,px4_default
95028000,-3.383263,2.597283,-4.734269,-3.541742,2.341315,-4.743472,px4_default
95048000,-3.433304,2.599244,-4.735913,-3.581243,2.335934,-4.742991,px4_default
95068000,-3.483187,2.599840,-4.737393,-3.640183,2.326203,-4.742209,px4_default
95088000,-3.532932,2.599294,-4.738737,-3.679308,2.318778,-4.741639,px4_default
95108000,-3.582505,2.597460,-4.739932,-3.737503,2.305725,-4.740773,px4_default
95128000,-3.631860,2.594048,-4.740950,-3.776074,2.296033,-4.740173,px4_default
95148000,-3.681030,2.588820,-4.741779,-3.833559,2.280021,-4.739244,px4_default
95168000,-3.729989,2.582468,-4.742495,-3.871469,2.268133,-4.738654,px4_default
95188000,-3.778640,2.574871,-4.743085,-3.928006,2.249004,-4.737729,px4_default
95208000,-3.826940,2.565862,-4.743541,-3.965376,2.235257,-4.737108,px4_default
95228000,-3.874897,2.555334,-4.743860,-4.020908,2.213184,-4.736205,px4_default
95248000,-3.922541,2.543541,-4.744071,-4.057675,2.197639,-4.735594,px4_default
95268000,-3.969890,2.530589,-4.744186,-4.112306,2.172938,-4.734675,px4_default
95288000,-4.016899,2.516102,-4.744185,-4.148458,2.155673,-4.734011,px4_default
95308000,-4.063548,2.500218,-4.744082,-4.201911,2.128297,-4.733081,px4_default
95328000,-4.109841,2.483398,-4.743913,-4.237205,2.109233,-4.732465,px4_default
95348000,-4.155671,2.465408,-4.743662,-4.289616,2.079435,-4.731532,px4_default
95368000,-4.200903,2.445729,-4.743309,-4.324032,2.058661,-4.730951,px4_default
95388000,-4.245705,2.424907,-4.742889,-4.375129,2.026421,-4.730087,px4_default
95408000,-4.290143,2.403141,-4.742419,-4.408750,2.004138,-4.729546,px4_default
95428000,-4.334232,2.380445,-4.741900,-4.458446,1.969574,-4.728752,px4_default
95448000,-4.377711,2.355968,-4.741299,-4.491176,1.945853,-4.728224,px4_default
95468000,-4.420567,2.330388,-4.740651,-4.539362,1.909123,-4.727511,px4_default
95488000,-4.462943,2.303932,-4.739969,-4.571036,1.883968,-4.727046,px4_default
95508000,-4.504829,2.276545,-4.739253,-4.617825,1.845249,-4.726365,px4_default
95528000,-4.546143,2.248043,-4.738499,-4.648552,1.818812,-4.725897,px4_default
95548000,-4.586635,2.218060,-4.737704,-4.693943,1.778234,-4.725219,px4_default
95568000,-4.626643,2.187254,-4.736890,-4.723586,1.750548,-4.724801,px4_default
95588000,-4.666132,2.155580,-4.736056,-4.767348,1.708174,-4.724190,px4_default
95608000,-4.705012,2.122848,-4.735202,-4.795973,1.679348,-4.723799,px4_default
95628000,-4.743193,2.088852,-4.734329,-4.838058,1.635297,-4.723245,px4_default
95648000,-4.780681,2.053972,-4.733447,-4.865623,1.605411,-4.722862,px4_default
95668000,-4.817575,2.018386,-4.732560,-4.905964,1.559753,-4.722341,px4_default
95688000,-4.853625,1.981720,-4.731668,-4.932310,1.528812,-4.721995,px4_default
95708000,-4.888878,1.944037,-4.730775,-4.970979,1.481664,-4.721478,px4_default
95728000,-4.923573,1.905683,-4.729883,-4.995981,1.449763,-4.721159,px4_default
95748000,-4.957574,1.866478,-4.728994,-5.032659,1.401240,-4.720706,px4_default
95768000,-4.990680,1.826094,-4.728113,-5.056439,1.368461,-4.720398,px4_default
95788000,-5.022996,1.784923,-4.727241,-5.091236,1.318687,-4.719970,px4_default
95808000,-5.054598,1.743132,-4.726380,-5.113737,1.285141,-4.719720,px4_default
95828000,-5.085560,1.700769,-4.725529,-5.146435,1.234282,-4.719395,px4_default
95848000,-5.115411,1.657357,-4.724699,-5.167633,1.199994,-4.719199,px4_default
95868000,-5.144338,1.613141,-4.723887,-5.198180,1.148101,-4.719025,px4_default
95888000,-5.172576,1.568305,-4.723090,-5.217868,1.113165,-4.718954,px4_default
95908000,-5.200140,1.522840,-4.722309,-5.246369,1.060263,-4.718900,px4_default
95928000,-5.226926,1.476652,-4.721544,-5.264466,1.024759,-4.718926,px4_default
95948000,-5.252286,1.429609,-4.720815,-5.290616,0.971029,-4.719015,px4_default
95968000,-5.276919,1.382092,-4.720104,-5.307258,0.934948,-4.719120,px4_default
95988000,-5.300838,1.334100,-4.719410,-5.331015,0.880504,-4.719316,px4_default
96008000,-5.323835,1.285519,-4.718740,-5.346165,0.843932,-4.719491,px4_default
96028000,-5.345620,1.236202,-4.718100,-5.367480,0.788904,-4.719808,px4_default
96048000,-5.366484,1.186372,-4.717482,-5.381101,0.751893,-4.720002,px4_default
96068000,-5.386590,1.136116,-4.716882,-5.400113,0.696291,-4.720316,px4_default
96088000,-5.405630,1.085211,-4.716307,-5.411998,0.659057,-4.720524,px4_default
96108000,-5.423588,1.033731,-4.715756,-5.428629,0.602967,-4.720848,px4_default
96128000,-5.440666,0.981951,-4.715224,-5.438753,0.565584,-4.721089,px4_default
96148000,-5.456748,0.929816,-4.714714,-5.452818,0.509250,-4.721451,px4_default
96168000,-5.471615,0.877196,-4.714227,-5.461328,0.471638,-4.721709,px4_default
96188000,-5.485413,0.824185,-4.713758,-5.472797,0.415119,-4.722103,px4_default
96208000,-5.498270,0.770835,-4.713305,-5.479678,0.377280,-4.722346,px4_default
96228000,-5.510329,0.717180,-4.712864,-5.488492,0.320632,-4.722666,px4_default
96248000,-5.521057,0.662981,-4.712440,-5.493537,0.282795,-4.722778,px4_default
96268000,-5.530468,0.608565,-4.712031,-5.499869,0.225949,-4.722761,px4_default
96288000,-5.538928,0.553971,-4.711630,-5.503072,0.188185,-4.722629,px4_default
96308000,-5.546516,0.499195,-4.711236,-5.506862,0.131231,-4.722278,px4_default
96328000,-5.553144,0.444212,-4.710848,-5.508349,0.093426,-4.721982,px4_default
96348000,-5.557936,0.388902,-4.710464,-5.509355,0.036621,-4.721490,px4_default
96368000,-5.561834,0.333391,-4.710077,-5.509087,-0.001182,-4.721159,px4_default
96388000,-5.564871,0.277691,-4.709686,-5.507240,-0.057752,-4.720613,px4_default
96408000,-5.566801,0.221872,-4.709265,-5.505169,-0.095501,-4.720236,px4_default
96428000,-5.567254,0.166041,-4.708772,-5.500453,-0.151749,-4.719651,px4_default
96448000,-5.566545,0.110141,-4.708194,-5.496415,-0.189177,-4.719274,px4_default
96468000,-5.564941,0.054199,-4.707562,-5.489020,-0.245198,-4.718731,px4_default
96488000,-5.562128,-0.001770,-4.706887,-5.483041,-0.282236,-4.718352,px4_default
96508000,-5.558073,-0.057740,-4.706183,-5.472826,-0.337737,-4.717786,px4_default
96528000,-5.552965,-0.113681,-4.705462,-5.465068,-0.374536,-4.717424,px4_default
96548000,-5.546759,-0.169613,-4.704729,-5.452033,-0.429421,-4.716899,px4_default
96568000,-5.539312,-0.225573,-4.703985,-5.442527,-0.465947,-4.716558,px4_default
96588000,-5.530683,-0.281364,-4.703250,-5.426902,-0.520392,-4.716085,px4_default
96608000,-5.521009,-0.336944,-4.702531,-5.415687,-0.556602,-4.715776,px4_default
96628000,-5.510509,-0.392380,-4.701826,-5.397407,-0.610347,-4.715362,px4_default
96648000,-5.498741,-0.447620,-4.701144,-5.384406,-0.646008,-4.715117,px4_default
96668000,-5.485613,-0.502590,-4.700495,-5.363698,-0.699234,-4.714803,px4_default
96688000,-5.471533,-0.557399,-4.699869,-5.348990,-0.734287,-4.714652,px4_default
96708000,-5.456637,-0.612087,-4.699264,-5.325826,-0.786665,-4.714472,px4_default
96728000,-5.440892,-0.666641,-4.698682,-5.309585,-0.821293,-4.714415,px4_default
96748000,-5.423393,-0.720491,-4.698161,-5.284029,-0.872795,-4.714388,px4_default
96768000,-5.405105,-0.774074,-4.697669,-5.266282,-0.906969,-4.714383,px4_default
96788000,-5.386060,-0.827397,-4.697205,-5.238438,-0.957479,-4.714413,px4_default
96808000,-5.366087,-0.880380,-4.696777,-5.219165,-0.990872,-4.714452,px4_default
96828000,-5.344910,-0.932897,-4.696397,-5.189202,-1.040529,-4.714577,px4_default
96848000,-5.322587,-0.985043,-4.696064,-5.168551,-1.073326,-4.714713,px4_default
96868000,-5.299500,-1.036863,-4.695764,-5.136579,-1.122046,-4.714996,px4_default
96888000,-5.275506,-1.088155,-4.695508,-5.114532,-1.153943,-4.715273,px4_default
96908000,-5.250549,-1.138867,-4.695298,-5.080529,-1.201402,-4.715720,px4_default
96928000,-5.224665,-1.189063,-4.695133,-5.057204,-1.232616,-4.716067,px4_default
96948000,-5.197904,-1.238745,-4.695011,-5.021304,-1.278754,-4.716669,px4_default
96968000,-5.170256,-1.287881,-4.694933,-4.996792,-1.309215,-4.717119,px4_default
96988000,-5.141649,-1.336381,-4.694903,-4.959136,-1.353943,-4.717920,px4_default
97008000,-5.112163,-1.384296,-4.694918,-4.933483,-1.383353,-4.718489,px4_default
97028000,-5.082006,-1.431794,-4.694966,-4.894197,-1.426842,-4.719366,px4_default
97048000,-5.050894,-1.478719,-4.695059,-4.867492,-1.455128,-4.720003,px4_default
97068000,-5.018762,-1.524616,-4.695209,-4.826679,-1.496999,-4.720966,px4_default
97088000,-4.985924,-1.569845,-4.695395,-4.798977,-1.524347,-4.721636,px4_default
97108000,-4.952497,-1.614539,-4.695611,-4.756722,-1.564764,-4.722661,px4_default
97128000,-4.918468,-1.658681,-4.695856,-4.728117,-1.591106,-4.723392,px4_default
97148000,-4.883168,-1.701573,-4.696163,-4.684629,-1.629718,-4.724535,px4_default
97168000,-4.847184,-1.743859,-4.696498,-4.655210,-1.655034,-4.725288,px4_default
97188000,-4.810602,-1.785564,-4.696860,-4.610572,-1.691807,-4.726458,px4_default
97208000,-4.773394,-1.826522,-4.697248,-4.580414,-1.715790,-4.727243,px4_default
97228000,-4.735462,-1.866451,-4.697670,-4.534589,-1.750948,-4.728415,px4_default
97248000,-4.696684,-1.905296,-4.698122,-4.503708,-1.773549,-4.729232,px4_default
97268000,-4.657394,-1.943457,-4.698591,-4.456797,-1.806721,-4.730396,px4_default
97288000,-4.617500,-1.980783,-4.699079,-4.425175,-1.828152,-4.731175,px4_default
97308000,-4.576915,-2.017182,-4.699585,-4.377231,-1.859253,-4.732349,px4_default
97328000,-4.535576,-2.052628,-4.700107,-4.344898,-1.879466,-4.733068,px4_default
97348000,-4.493678,-2.087108,-4.700637,-4.296039,-1.908486,-4.734159,px4_default
97368000,-4.451329,-2.120658,-4.701174,-4.263073,-1.927471,-4.734805,px4_default
97388000,-4.408367,-2.153056,-4.701712,-4.213368,-1.954591,-4.735794,px4_default
97408000,-4.364825,-2.184372,-4.702248,-4.179965,-1.972030,-4.736422,px4_default
97428000,-4.320889,-2.214910,-4.702779,-4.129470,-1.997207,-4.737309,px4_default
97448000,-4.276448,-2.244428,-4.703303,-4.095686,-2.013075,-4.737916,px4_default
97468000,-4.231330,-2.272451,-4.703805,-4.044612,-2.036007,-4.738704,px4_default
97488000,-4.185722,-2.299466,-4.704288,-4.010391,-2.050546,-4.739167,px4_default
97508000,-4.139712,-2.325659,-4.704753,-3.958823,-2.071186,-4.739759,px4_default
97528000,-4.093324,-2.351007,-4.705197,-3.924200,-2.084321,-4.740053,px4_default
97548000,-4.046414,-2.374490,-4.705587,-3.872219,-2.102564,-4.740421,px4_default
97568000,-3.999138,-2.396862,-4.705935,-3.837399,-2.113973,-4.740578,px4_default
97588000,-3.951560,-2.418286,-4.706247,-3.784929,-2.129943,-4.740668,px4_default
97608000,-3.903664,-2.438673,-4.706514,-3.749972,-2.139518,-4.740665,px4_default
97628000,-3.855390,-2.457774,-4.706724,-3.697088,-2.153107,-4.740410,px4_default
97648000,-3.806551,-2.475219,-4.706843,-3.661894,-2.161053,-4.740141,px4_default
97668000,-3.757491,-2.491678,-4.706907,-3.608859,-2.171889,-4.739417,px4_default
97688000,-3.708241,-2.507011,-4.706904,-3.573461,-2.178187,-4.738738,px4_default
97708000,-3.658771,-2.521014,-4.706818,-3.520325,-2.186229,-4.737395,px4_default
97728000,-3.609005,-2.533479,-4.706625,-3.484761,-2.190839,-4.736285,px4_default
97748000,-3.559021,-2.544647,-4.706336,-3.431589,-2.196011,-4.734370,px4_default
97768000,-3.508864,-2.554740,-4.705964,-3.396074,-2.198587,-4.732905,px4_default
97788000,-3.458401,-2.563271,-4.705457,-3.342714,-2.201139,-4.730376,px4_default
97808000,-3.407690,-2.570282,-4.704805,-3.307265,-2.201716,-4.728390,px4_default
97828000,-3.356936,-2.576250,-4.704029,-3.253944,-2.201418,-4.725026,px4_default
97848000,-3.306130,-2.580867,-4.703088,-3.218422,-2.200242,-4.722591,px4_default
97868000,-3.255189,-2.583714,-4.701898,-3.165225,-2.196985,-4.718825,px4_default
97888000,-3.204165,-2.585206,-4.700522,-3.129680,-2.193984,-4.716262,px4_default
97908000,-3.153086,-2.585563,-4.698994,-3.076443,-2.187952,-4.712372,px4_default
97928000,-3.101963,-2.584866,-4.697327,-3.040881,-2.183089,-4.709779,px4_default
97948000,-3.050785,-2.582142,-4.695402,-2.987925,-2.173986,-4.705934,px4_default
97968000,-2.999504,-2.578040,-4.693242,-2.952670,-2.166987,-4.703392,px4_default
97988000,-2.948200,-2.572830,-4.690902,-2.899826,-2.155115,-4.699614,px4_default
98008000,-2.896946,-2.566519,-4.688395,-2.864804,-2.146035,-4.697194,px4_default
98028000,-2.845813,-2.558932,-4.685706,-2.812258,-2.131168,-4.693605,px4_default
98048000,-2.794767,-2.549389,-4.682895,-2.777345,-2.120260,-4.691270,px4_default
98068000,-2.743783,-2.538867,-4.680035,-2.725166,-2.102411,-4.687849,px4_default
98088000,-2.692868,-2.527320,-4.677130,-2.690369,-2.089719,-4.685601,px4_default
98108000,-2.642012,-2.514535,-4.674179,-2.638628,-2.068998,-4.682348,px4_default
98128000,-2.591187,-2.500195,-4.671185,-2.604193,-2.054353,-4.680230,px4_default
98148000,-2.540578,-2.484731,-4.668189,-2.552637,-2.031172,-4.677135,px4_default
98168000,-2.490153,-2.468407,-4.665195,-2.518376,-2.014929,-4.675166,px4_default
98188000,-2.439944,-2.450836,-4.662218,-2.467154,-1.989412,-4.672348,px4_default
98208000,-2.389944,-2.432046,-4.659269,-2.433304,-1.971448,-4.670609,px4_default
98228000,-2.340108,-2.412423,-4.656353,-2.382610,-1.943554,-4.668138,px4_default
98248000,-2.290459,-2.391783,-4.653480,-2.349029,-1.924207,-4.666625,px4_default
98268000,-2.240978,-2.369920,-4.650673,-2.298973,-1.894138,-4.664582,px4_default
98288000,-2.191781,-2.347110,-4.647942,-2.265666,-1.873537,-4.663338,px4_default
98308000,-2.142889,-2.323529,-4.645287,-2.216321,-1.841512,-4.661811,px4_default
98328000,-2.094243,-2.299290,-4.642700,-2.183595,-1.819617,-4.660945,px4_default
98348000,-2.045990,-2.273884,-4.640244,-2.134748,-1.786003,-4.659878,px4_default
98368000,-1.998087,-2.247589,-4.637913,-2.102559,-1.762966,-4.659374,px4_default
98388000,-1.950465,-2.220626,-4.635683,-2.054467,-1.727790,-4.658827,px4_default
98408000,-1.903113,-2.193057,-4.633551,-2.022659,-1.703872,-4.658657,px4_default
98428000,-1.856068,-2.164819,-4.631534,-1.975132,-1.667485,-4.658604,px4_default
98448000,-1.809478,-2.135394,-4.629735,-1.943752,-1.642836,-4.658765,px4_default
98468000,-1.763231,-2.105507,-4.628053,-1.897109,-1.605327,-4.659285,px4_default
98488000,-1.717339,-2.075185,-4.626486,-1.866143,-1.580055,-4.659764,px4_default
98508000,-1.671886,-2.044319,-4.625071,-1.820389,-1.541619,-4.660802,px4_default
98528000,-1.627003,-2.012695,-4.623874,-1.790131,-1.515759,-4.661627,px4_default
98548000,-1.582561,-1.980576,-4.622843,-1.745091,-1.476660,-4.663085,px4_default
98568000,-1.538453,-1.948076,-4.621943,-1.715542,-1.450370,-4.664249,px4_default
98588000,-1.494773,-1.915038,-4.621229,-1.671499,-1.410764,-4.666183,px4_default
98608000,-1.451585,-1.881502,-4.620710,-1.642479,-1.384244,-4.667639,px4_default
98628000,-1.408910,-1.847688,-4.620355,-1.599424,-1.344368,-4.670069,px4_default
98648000,-1.366784,-1.813566,-4.620180,-1.570899,-1.317756,-4.671805,px4_default
98668000,-1.325230,-1.779099,-4.620208,-1.528831,-1.277872,-4.674708,px4_default
98688000,-1.284233,-1.744350,-4.620431,-1.500838,-1.251313,-4.676709,px4_default
98708000,-1.243733,-1.709368,-4.620828,-1.459594,-1.211659,-4.680027,px4_default
98728000,-1.203618,-1.674196,-4.621367,-1.432381,-1.185331,-4.682382,px4_default
98748000,-1.164114,-1.638708,-4.622141,-1.391996,-1.146035,-4.686108,px4_default
98768000,-1.125394,-1.603153,-4.623135,-1.365565,-1.120050,-4.688801,px4_default
98788000,-1.087238,-1.567548,-4.624292,-1.326265,-1.081351,-4.692993,px4_default
98808000,-1.049555,-1.531899,-4.625591,-1.300440,-1.055808,-4.695932,px4_default
98828000,-1.012363,-1.496202,-4.627038,-1.262262,-1.017957,-4.700545,px4_default
98848000,-0.976254,-1.460514,-4.628797,-1.237061,-0.992984,-4.703700,px4_default
98868000,-0.940634,-1.424874,-4.630687,-1.200020,-0.956186,-4.708673,px4_default
98888000,-0.905497,-1.389284,-4.632709,-1.175661,-0.932006,-4.712078,px4_default
98908000,-0.870940,-1.353757,-4.634891,-1.139638,-0.896293,-4.717300,px4_default
98928000,-0.837152,-1.318315,-4.637292,-1.116186,-0.873007,-4.720923,px4_default
98948000,-0.804192,-1.283165,-4.639864,-1.081254,-0.838502,-4.726334,px4_default
98968000,-0.771790,-1.248214,-4.642551,-1.058553,-0.816071,-4.730051,px4_default
98988000,-0.740106,-1.213528,-4.645389,-1.024975,-0.783046,-4.735626,px4_default
99008000,-0.709188,-1.179145,-4.648384,-1.003042,-0.761558,-4.739367,px4_default
99028000,-0.678968,-1.145076,-4.651511,-0.970856,-0.730163,-4.744991,px4_default
99048000,-0.649443,-1.111329,-4.654771,-0.949744,-0.709702,-4.748714,px4_default
99068000,-0.620608,-1.077911,-4.658162,-0.919028,-0.680057,-4.754282,px4_default
99088000,-0.592603,-1.044987,-4.661673,-0.898989,-0.660871,-4.757955,px4_default
99108000,-0.565389,-1.012573,-4.665283,-0.869607,-0.632976,-4.763380,px4_default
99128000,-0.538760,-0.980546,-4.668965,-0.850672,-0.615155,-4.766961,px4_default
99148000,-0.513004,-0.949104,-4.672752,-0.822816,-0.589270,-4.772211,px4_default
99168000,-0.488234,-0.918392,-4.676633,-0.804754,-0.572699,-4.775639,px4_default
99188000,-0.464166,-0.888212,-4.680578,-0.778448,-0.548907,-4.780645,px4_default
99208000,-0.440665,-0.858473,-4.684571,-0.761308,-0.533654,-4.783867,px4_default
99228000,-0.417739,-0.829186,-4.688611,-0.736363,-0.511910,-4.788525,px4_default
99248000,-0.396314,-0.801237,-4.692699,-0.720144,-0.498063,-4.791479,px4_default
99268000,-0.375535,-0.773892,-4.696797,-0.696830,-0.478654,-4.795731,px4_default
99288000,-0.355382,-0.747136,-4.700903,-0.681761,-0.466464,-4.798427,px4_default
99308000,-0.335972,-0.721101,-4.705008,-0.659876,-0.449329,-4.802242,px4_default
99328000,-0.317551,-0.696051,-4.709100,-0.645971,-0.438888,-4.804644,px4_default
99348000,-0.300160,-0.672086,-4.713150,-0.625762,-0.424341,-4.807956,px4_default
99368000,-0.283397,-0.648798,-4.717166,-0.612849,-0.415540,-4.809974,px4_default
99388000,-0.267423,-0.626374,-4.721134,-0.594340,-0.403674,-4.812701,px4_default
99408000,-0.252344,-0.604963,-4.725029,-0.582449,-0.396535,-4.814291,px4_default
99428000,-0.238210,-0.584668,-4.728821,-0.565661,-0.387448,-4.816304,px4_default
99448000,-0.224951,-0.565432,-4.732503,-0.554985,-0.382270,-4.817400,px4_default
99468000,-0.212489,-0.547177,-4.736077,-0.539767,-0.375839,-4.818662,px4_default
99488000,-0.200994,-0.530151,-4.739496,-0.530144,-0.372463,-4.819216,px4_default
99508000,-0.190417,-0.514315,-4.742754,-0.516433,-0.368805,-4.819618,px4_default
99528000,-0.180491,-0.499344,-4.745884,-0.508014,-0.367541,-4.819606,px4_default
99548000,-0.171461,-0.485574,-4.748834,-0.496102,-0.366964,-4.819051,px4_default
99568000,-0.163653,-0.473517,-4.751489,-0.488736,-0.367628,-4.818260,px4_default
99588000,-0.156697,-0.462677,-4.753922,-0.478560,-0.370217,-4.816366,px4_default
99608000,-0.150412,-0.452817,-4.756168,-0.472206,-0.372744,-4.814640,px4_default
99628000,-0.144800,-0.443940,-4.758224,-0.463612,-0.378182,-4.811547,px4_default
99648000,-0.140684,-0.437323,-4.759808,-0.458299,-0.382646,-4.809248,px4_default
99668000,-0.137346,-0.431926,-4.761117,-0.450939,-0.390453,-4.805561,px4_default
99688000,-0.134723,-0.427658,-4.762165,-0.446589,-0.396564,-4.802999,px4_default
99708000,-0.132892,-0.424656,-4.762913,-0.440439,-0.406538,-4.799167,px4_default
99728000,-0.132066,-0.423286,-4.763262,-0.436677,-0.413782,-4.796667,px4_default
