timestamp_us,ref_x,ref_y,ref_z,pos_x,pos_y,pos_z,controller
72484000,0.015652,-0.018012,-4.699223,0.013898,-0.020879,-4.698738,px4_default
72504000,0.015656,-0.018005,-4.698736,0.014166,-0.020685,-4.698841,px4_default
72524000,0.015692,-0.017953,-4.698142,0.014849,-0.020090,-4.699041,px4_default
72544000,0.015766,-0.017845,-4.697474,0.015498,-0.019491,-4.699198,px4_default
72564000,0.015918,-0.017623,-4.696868,0.016928,-0.018182,-4.699450,px4_default
72584000,0.016221,-0.017182,-4.696557,0.018155,-0.017028,-4.699630,px4_default
72604000,0.016766,-0.016388,-4.696512,0.020464,-0.014826,-4.699905,px4_default
72624000,0.017487,-0.015337,-4.696630,0.022437,-0.012955,-4.700070,px4_default
72644000,0.018474,-0.013902,-4.696949,0.025921,-0.009583,-4.700357,px4_default
72664000,0.019792,-0.011985,-4.697473,0.028702,-0.006880,-4.700588,px4_default
72684000,0.021490,-0.009518,-4.698176,0.033544,-0.002139,-4.701120,px4_default
72704000,0.023600,-0.006455,-4.699033,0.037319,0.001563,-4.701603,px4_default
72724000,0.026132,-0.002782,-4.700018,0.043765,0.008000,-4.702523,px4_default
72744000,0.029216,0.001686,-4.701118,0.048553,0.012813,-4.702998,px4_default
72764000,0.032859,0.006958,-4.702304,0.056735,0.021049,-4.703422,px4_default
72784000,0.036944,0.012864,-4.703529,0.062681,0.027156,-4.703602,px4_default
72804000,0.041678,0.019701,-4.704796,0.072516,0.037272,-4.703875,px4_default
72824000,0.047307,0.027813,-4.706037,0.079875,0.044833,-4.704102,px4_default
72844000,0.053616,0.036891,-4.707229,0.091829,0.057175,-4.704516,px4_default
72864000,0.060493,0.046776,-4.708349,0.100513,0.066135,-4.704742,px4_default
72884000,0.067944,0.057474,-4.709376,0.114691,0.080683,-4.704959,px4_default
72904000,0.076657,0.069953,-4.709722,0.124827,0.091007,-4.705004,px4_default
72924000,0.085963,0.083281,-4.709545,0.141252,0.107770,-4.704783,px4_default
72944000,0.095831,0.097413,-4.708912,0.152862,0.119382,-4.704504,px4_default
72964000,0.106352,0.112490,-4.707838,0.171563,0.138089,-4.703771,px4_default
72984000,0.117754,0.128849,-4.706282,0.184811,0.151199,-4.703064,px4_default
73004000,0.130207,0.146738,-4.704434,0.205906,0.171700,-4.701749,px4_default
73024000,0.143269,0.165506,-4.702440,0.220809,0.186228,-4.700673,px4_default
73044000,0.157071,0.185333,-4.700289,0.244408,0.208785,-4.698888,px4_default
73064000,0.171707,0.206342,-4.697982,0.261003,0.224487,-4.697587,px4_default
73084000,0.187241,0.228601,-4.695531,0.287228,0.249117,-4.695490,px4_default
73104000,0.203564,0.251934,-4.692973,0.305598,0.266029,-4.694047,px4_default
73124000,0.220562,0.276178,-4.690331,0.334465,0.292922,-4.691801,px4_default
73144000,0.238433,0.301569,-4.687604,0.354601,0.311502,-4.690322,px4_default
73164000,0.257150,0.328052,-4.684806,0.386148,0.340405,-4.688180,px4_default
73184000,0.276449,0.355268,-4.681971,0.407988,0.360856,-4.686770,px4_default
73204000,0.296509,0.383432,-4.679094,0.442096,0.391994,-4.684774,px4_default
73224000,0.317568,0.412792,-4.676190,0.465538,0.414041,-4.683490,px4_default
73244000,0.339355,0.443000,-4.673281,0.501928,0.448179,-4.681669,px4_default
73264000,0.361715,0.473856,-4.670375,0.526905,0.472019,-4.680512,px4_default
73284000,0.384636,0.505345,-4.667476,0.565433,0.509469,-4.678820,px4_default
73304000,0.408710,0.538075,-4.664619,0.591859,0.535283,-4.677739,px4_default
73324000,0.433450,0.571478,-4.661806,0.632284,0.576323,-4.676183,px4_default
73344000,0.458769,0.605458,-4.659035,0.659850,0.604768,-4.675183,px4_default
73364000,0.484691,0.640022,-4.656316,0.702040,0.649136,-4.673728,px4_default
73384000,0.511367,0.675296,-4.653669,0.730520,0.680353,-4.672781,px4_default
73404000,0.539015,0.711417,-4.651144,0.773956,0.728732,-4.671389,px4_default
73424000,0.567183,0.747966,-4.648692,0.803231,0.762351,-4.670483,px4_default
73444000,0.595935,0.784986,-4.646327,0.847526,0.814814,-4.669143,px4_default
73464000,0.625367,0.822524,-4.644073,0.877364,0.850868,-4.668215,px4_default
73484000,0.655613,0.860642,-4.641963,0.922321,0.906909,-4.666733,px4_default
73504000,0.686511,0.899179,-4.639986,0.952480,0.945301,-4.665654,px4_default
73524000,0.717915,0.938033,-4.638114,0.997634,1.005029,-4.663953,px4_default
73544000,0.750056,0.977297,-4.636414,1.027790,1.045873,-4.662770,px4_default
73564000,0.782933,1.016940,-4.634893,1.073043,1.108631,-4.660989,px4_default
73584000,0.816289,1.056794,-4.633499,1.103050,1.151630,-4.659836,px4_default
73604000,0.850262,1.096911,-4.632270,1.148080,1.217252,-4.658245,px4_default
73624000,0.884991,1.137285,-4.631259,1.178011,1.261829,-4.657313,px4_default
73644000,0.920312,1.177827,-4.630392,1.222770,1.329728,-4.656194,px4_default
73664000,0.956113,1.218476,-4.629621,1.252583,1.375506,-4.655639,px4_default
73684000,0.992350,1.259208,-4.628929,1.297027,1.444978,-4.655192,px4_default
73704000,1.029398,1.300023,-4.628346,1.326563,1.491623,-4.655175,px4_default
73724000,1.067006,1.340813,-4.627865,1.370775,1.561915,-4.655532,px4_default
73744000,1.105079,1.381560,-4.627484,1.400200,1.608848,-4.656036,px4_default
73764000,1.143603,1.422237,-4.627216,1.444241,1.679243,-4.657198,px4_default
73784000,1.182666,1.462804,-4.627099,1.473491,1.725989,-4.658298,px4_default
73804000,1.222544,1.503098,-4.627273,1.517423,1.795722,-4.660335,px4_default
73824000,1.262826,1.543221,-4.627591,1.546724,1.841817,-4.662003,px4_default
73844000,1.303531,1.583151,-4.628062,1.590707,1.910159,-4.664935,px4_default
73864000,1.344735,1.622808,-4.628716,1.620141,1.955179,-4.667124,px4_default
73884000,1.386583,1.662029,-4.629616,1.664489,2.021456,-4.670912,px4_default
73904000,1.428904,1.700865,-4.630696,1.694216,2.064855,-4.673681,px4_default
73924000,1.471582,1.739400,-4.631911,1.739115,2.128641,-4.678155,px4_default
73944000,1.514775,1.777442,-4.633320,1.769266,2.169931,-4.681423,px4_default
73964000,1.558489,1.814934,-4.634927,1.814877,2.230397,-4.686543,px4_default
73984000,1.602553,1.851974,-4.636670,1.845549,2.269501,-4.690129,px4_default
74004000,1.647029,1.888462,-4.638572,1.891984,2.326499,-4.695672,px4_default
74024000,1.691971,1.924251,-4.640651,1.923227,2.363154,-4.699498,px4_default
74044000,1.737319,1.959380,-4.642879,1.970562,2.416045,-4.705375,px4_default
74064000,1.783008,1.993904,-4.645231,2.002434,2.450074,-4.709326,px4_default
74084000,1.828979,2.027886,-4.647684,2.050735,2.498566,-4.715385,px4_default
74104000,1.875410,2.060866,-4.650304,2.083260,2.529478,-4.719409,px4_default
74124000,1.922195,2.092964,-4.653042,2.132517,2.573675,-4.725426,px4_default
74144000,1.969258,2.124337,-4.655868,2.165683,2.601340,-4.729436,px4_default
74164000,2.016565,2.155034,-4.658770,2.215880,2.640773,-4.735306,px4_default
74184000,2.064148,2.184946,-4.661752,2.249632,2.665464,-4.739100,px4_default
74204000,2.112145,2.213334,-4.664847,2.300684,2.700149,-4.744449,px4_default
74224000,2.160324,2.240967,-4.667983,2.334964,2.721915,-4.747725,px4_default
74244000,2.208681,2.267850,-4.671156,2.386754,2.751846,-4.752273,px4_default
74264000,2.257245,2.293771,-4.674366,2.421469,2.770597,-4.755111,px4_default
74284000,2.306091,2.318215,-4.677614,2.473905,2.795968,-4.759064,px4_default
74304000,2.355116,2.341548,-4.680867,2.509075,2.811353,-4.761511,px4_default
74324000,2.404269,2.364032,-4.684121,2.562092,2.832145,-4.764847,px4_default
74344000,2.453567,2.385288,-4.687360,2.597659,2.844179,-4.766799,px4_default
74364000,2.503001,2.405216,-4.690547,2.651235,2.860122,-4.769405,px4_default
74384000,2.552527,2.424042,-4.693612,2.687115,2.869152,-4.770896,px4_default
74404000,2.602148,2.441683,-4.696538,2.741150,2.880286,-4.772757,px4_default
74424000,2.651863,2.458010,-4.699293,2.777304,2.886302,-4.773774,px4_default
74444000,2.701653,2.472989,-4.701915,2.831814,2.892655,-4.774880,px4_default
74464000,2.751500,2.486718,-4.704431,2.868231,2.895445,-4.775362,px4_default
74484000,2.801393,2.499425,-4.706852,2.923035,2.897464,-4.775672,px4_default
74504000,2.851355,2.510505,-4.709111,2.959762,2.897117,-4.775566,px4_default
74524000,2.901378,2.520000,-4.711198,3.014886,2.894895,-4.775087,px4_default
74544000,2.951435,2.528261,-4.713151,3.051821,2.891792,-4.774456,px4_default
74564000,3.001507,2.535469,-4.714992,3.107371,2.885227,-4.773174,px4_default
74584000,3.051591,2.541546,-4.716712,3.144560,2.879434,-4.772091,px4_default
74604000,3.101681,2.545227,-4.718178,3.200531,2.868674,-4.770187,px4_default
74624000,3.151767,2.547836,-4.719521,3.237927,2.860252,-4.768788,px4_default
74644000,3.201843,2.549396,-4.720741,3.294342,2.845385,-4.766436,px4_default
74664000,3.251892,2.549690,-4.721806,3.332073,2.834168,-4.764740,px4_default
74684000,3.301875,2.548163,-4.722636,3.388779,2.815442,-4.762067,px4_default
74704000,3.351782,2.545110,-4.723268,3.426792,2.801501,-4.760187,px4_default
74724000,3.401630,2.541017,-4.723763,3.483919,2.778838,-4.757266,px4_default
74744000,3.451387,2.535564,-4.724081,3.522101,2.762473,-4.755253,px4_default
74764000,3.501029,2.528628,-4.724214,3.579588,2.736081,-4.752130,px4_default
74784000,3.550545,2.520309,-4.724198,3.617972,2.717381,-4.749997,px4_default
74804000,3.599912,2.510669,-4.724059,3.675667,2.687633,-4.746737,px4_default
74824000,3.649102,2.499712,-4.723817,3.714139,2.666770,-4.744535,px4_default
74844000,3.698079,2.487333,-4.723473,3.771979,2.633748,-4.741141,px4_default
74864000,3.746841,2.473628,-4.723039,3.810542,2.610715,-4.738861,px4_default
74884000,3.795428,2.458918,-4.722542,3.868350,2.574689,-4.735463,px4_default
74904000,3.843755,2.442789,-4.721961,3.906945,2.549631,-4.733240,px4_default
74924000,3.891722,2.425099,-4.721299,3.964761,2.510676,-4.729950,px4_default
74944000,3.939407,2.406250,-4.720582,4.003276,2.483764,-4.727804,px4_default
74964000,3.986857,2.386486,-4.719825,4.060933,2.442076,-4.724657,px4_default
74984000,4.034060,2.365775,-4.719029,4.099268,2.413439,-4.722600,px4_default
75004000,4.080677,2.343023,-4.718163,4.156683,2.369184,-4.719613,px4_default
75024000,4.126976,2.319340,-4.717271,4.194800,2.338912,-4.717696,px4_default
75044000,4.172969,2.294782,-4.716359,4.251731,2.292351,-4.714931,px4_default
75064000,4.218604,2.269230,-4.715425,4.289482,2.260601,-4.713161,px4_default
75084000,4.263721,2.242308,-4.714466,4.345759,2.211955,-4.710623,px4_default
75104000,4.308301,2.214073,-4.713494,4.383008,2.178952,-4.709065,px4_default
75124000,4.352526,2.185028,-4.712517,4.438445,2.128476,-4.706857,px4_default
75144000,4.396295,2.155002,-4.711536,4.475068,2.094221,-4.705525,px4_default
75164000,4.439532,2.123890,-4.710557,4.529445,2.041992,-4.703712,px4_default
75184000,4.482187,2.091653,-4.709583,4.565331,2.006588,-4.702598,px4_default
75204000,4.524315,2.058454,-4.708619,4.618478,1.952716,-4.701195,px4_default
75224000,4.565943,2.024379,-4.707666,4.653469,1.916286,-4.700381,px4_default
75244000,4.606942,1.989257,-4.706732,4.705268,1.860934,-4.699329,px4_default
75264000,4.647307,1.953128,-4.705820,4.739290,1.823615,-4.698750,px4_default
75284000,4.687189,1.916291,-4.704926,4.789590,1.766925,-4.698013,px4_default
75304000,4.726447,1.878568,-4.704058,4.822600,1.728744,-4.697650,px4_default
75324000,4.764838,1.839700,-4.703228,4.871303,1.670821,-4.697224,px4_default
75344000,4.802580,1.800002,-4.702429,4.903165,1.631840,-4.697060,px4_default
75364000,4.839811,1.759680,-4.701656,4.950031,1.572895,-4.696997,px4_default
75384000,4.876504,1.718711,-4.700910,4.980684,1.533243,-4.697039,px4_default
75404000,4.912039,1.676495,-4.700224,5.025630,1.473523,-4.697315,px4_default
75424000,4.946908,1.633610,-4.699574,5.054909,1.433432,-4.697581,px4_default
75444000,4.981174,1.590131,-4.698956,5.097794,1.372934,-4.698140,px4_default
75464000,5.014791,1.546029,-4.698373,5.125577,1.332511,-4.698656,px4_default
75484000,5.047522,1.501104,-4.697839,5.166185,1.271485,-4.699502,px4_default
75504000,5.079182,1.455309,-4.697361,5.192473,1.230657,-4.700140,px4_default
75524000,5.110211,1.409022,-4.696918,5.230713,1.169220,-4.701211,px4_default
75544000,5.140505,1.362175,-4.696513,5.255441,1.128052,-4.701962,px4_default
75564000,5.169939,1.314698,-4.696152,5.291177,1.066319,-4.703246,px4_default
75584000,5.198330,1.266497,-4.695844,5.314247,1.024889,-4.704117,px4_default
75604000,5.225858,1.217755,-4.695579,5.347435,0.962887,-4.705529,px4_default
75624000,5.252649,1.168571,-4.695348,5.368711,0.921489,-4.706522,px4_default
75644000,5.278416,1.118809,-4.695164,5.399327,0.859323,-4.708047,px4_default
75664000,5.303123,1.068473,-4.695025,5.418791,0.817998,-4.709102,px4_default
75684000,5.327089,1.017759,-4.694913,5.446692,0.755882,-4.710654,px4_default
75704000,5.350135,0.966589,-4.694835,5.464379,0.714513,-4.711688,px4_default
75724000,5.371937,0.914888,-4.694795,5.489525,0.652542,-4.713224,px4_default
75744000,5.392743,0.862783,-4.694786,5.505404,0.611184,-4.714197,px4_default
75764000,5.412738,0.810369,-4.694802,5.527792,0.549450,-4.715570,px4_default
75784000,5.431936,0.757658,-4.694842,5.541823,0.508334,-4.716361,px4_default
75804000,5.449603,0.704428,-4.694921,5.561519,0.446734,-4.717350,px4_default
75824000,5.466246,0.650887,-4.695023,5.573670,0.405886,-4.717931,px4_default
75844000,5.482004,0.597093,-4.695140,5.590571,0.344454,-4.718739,px4_default
75864000,5.496874,0.543067,-4.695272,5.600872,0.303762,-4.719275,px4_default
75884000,5.510590,0.488766,-4.695421,5.614923,0.242757,-4.720068,px4_default
75904000,5.522736,0.434140,-4.695582,5.623322,0.202227,-4.720582,px4_default
75924000,5.534034,0.379354,-4.695721,5.634470,0.141648,-4.721308,px4_default
75944000,5.544419,0.324403,-4.695820,5.640967,0.101307,-4.721770,px4_default
75964000,5.553724,0.269284,-4.695858,5.649242,0.041170,-4.722465,px4_default
75984000,5.561583,0.213993,-4.695794,5.653833,0.001168,-4.722939,px4_default
76004000,5.568358,0.158598,-4.695703,5.659334,-0.058686,-4.723644,px4_default
76024000,5.574287,0.103127,-4.695599,5.662014,-0.098374,-4.724116,px4_default
76044000,5.578958,0.047568,-4.695498,5.664643,-0.157822,-4.724785,px4_default
76064000,5.582299,-0.008061,-4.695411,5.665430,-0.197316,-4.725216,px4_default
76084000,5.584736,-0.063695,-4.695337,5.665162,-0.256324,-4.725860,px4_default
76104000,5.586102,-0.119327,-4.695280,5.664068,-0.295571,-4.726298,px4_default
76124000,5.586164,-0.174929,-4.695247,5.661022,-0.354181,-4.726972,px4_default
76144000,5.585105,-0.230485,-4.695240,5.658099,-0.393147,-4.727427,px4_default
76164000,5.583104,-0.285984,-4.695255,5.652262,-0.451187,-4.728147,px4_default
76184000,5.580245,-0.341415,-4.695292,5.647470,-0.489721,-4.728639,px4_default
76204000,5.575916,-0.396676,-4.695371,5.638945,-0.547270,-4.729399,px4_default
76224000,5.570471,-0.451774,-4.695485,5.632318,-0.585321,-4.729950,px4_default
76244000,5.564110,-0.506725,-4.695629,5.621070,-0.642166,-4.730793,px4_default
76264000,5.556907,-0.561526,-4.695802,5.612651,-0.679823,-4.731374,px4_default
76284000,5.548679,-0.616132,-4.696011,5.598688,-0.735928,-4.732311,px4_default
76304000,5.538879,-0.670384,-4.696280,5.588543,-0.773147,-4.732955,px4_default
76324000,5.528287,-0.724421,-4.696580,5.571977,-0.828449,-4.733930,px4_default
76344000,5.516908,-0.778234,-4.696912,5.560100,-0.865078,-4.734542,px4_default
76364000,5.504583,-0.831758,-4.697283,5.541054,-0.919647,-4.735480,px4_default
76384000,5.490854,-0.884821,-4.697713,5.527550,-0.955760,-4.736124,px4_default
76404000,5.476177,-0.937541,-4.698185,5.506101,-1.009516,-4.737085,px4_default
76424000,5.460759,-0.989983,-4.698690,5.490976,-1.044972,-4.737773,px4_default
76444000,5.444312,-1.041993,-4.699241,5.467176,-1.097773,-4.738832,px4_default
76464000,5.426762,-1.093510,-4.699841,5.450552,-1.132636,-4.739589,px4_default
76484000,5.408352,-1.144616,-4.700479,5.424546,-1.184430,-4.740760,px4_default
76504000,5.389038,-1.195277,-4.701159,5.406511,-1.218678,-4.741549,px4_default
76524000,5.368694,-1.245404,-4.701884,5.378380,-1.269410,-4.742774,px4_default
76544000,5.347390,-1.294986,-4.702652,5.358920,-1.302898,-4.743586,px4_default
76564000,5.325246,-1.344058,-4.703458,5.328690,-1.352610,-4.744798,px4_default
76584000,5.302384,-1.392682,-4.704294,5.307838,-1.385284,-4.745646,px4_default
76604000,5.278407,-1.440582,-4.705178,5.275569,-1.433756,-4.746910,px4_default
76624000,5.253441,-1.487797,-4.706102,5.253382,-1.465620,-4.747756,px4_default
76644000,5.227692,-1.534444,-4.707057,5.219158,-1.512836,-4.749025,px4_default
76664000,5.201280,-1.580581,-4.708037,5.195714,-1.543837,-4.749870,px4_default
76684000,5.174111,-1.626121,-4.709046,5.159629,-1.589580,-4.751110,px4_default
76704000,5.145594,-1.670525,-4.710100,5.134972,-1.619643,-4.751921,px4_default
76724000,5.116438,-1.714357,-4.711174,5.097063,-1.663836,-4.753138,px4_default
76744000,5.086673,-1.757633,-4.712265,5.071223,-1.692808,-4.753923,px4_default
76764000,5.056181,-1.800228,-4.713376,5.031629,-1.735508,-4.755050,px4_default
76784000,5.024580,-1.841745,-4.714513,5.004681,-1.763366,-4.755772,px4_default
76804000,4.992204,-1.882419,-4.715663,4.963441,-1.804434,-4.756798,px4_default
76824000,4.959257,-1.922464,-4.716822,4.935411,-1.831260,-4.757443,px4_default
76844000,4.925557,-1.961652,-4.717989,4.892590,-1.870654,-4.758373,px4_default
76864000,4.891035,-1.999879,-4.719162,4.863535,-1.896395,-4.758955,px4_default
76884000,4.855786,-2.037217,-4.720335,4.819178,-1.934060,-4.759808,px4_default
76904000,4.819858,-2.073683,-4.721506,4.789115,-1.958672,-4.760335,px4_default
76924000,4.783226,-2.109192,-4.722669,4.743372,-1.994594,-4.761041,px4_default
76944000,4.745873,-2.143682,-4.723820,4.712419,-2.017929,-4.761420,px4_default
76964000,4.707856,-2.177203,-4.724954,4.665318,-2.051989,-4.761882,px4_default
76984000,4.669308,-2.209931,-4.726073,4.633524,-2.073931,-4.762089,px4_default
77004000,4.630015,-2.241518,-4.727165,4.585198,-2.105886,-4.762302,px4_default
77024000,4.589982,-2.271845,-4.728219,4.552583,-2.126467,-4.762361,px4_default
77044000,4.549378,-2.301174,-4.729239,4.503028,-2.156198,-4.762329,px4_default
77064000,4.508322,-2.329691,-4.730228,4.469581,-2.175328,-4.762242,px4_default
77084000,4.466784,-2.357335,-4.731184,4.418815,-2.202777,-4.761961,px4_default
77104000,4.424246,-2.383059,-4.732050,4.384588,-2.220333,-4.761688,px4_default
77124000,4.381279,-2.407869,-4.732868,4.332691,-2.245532,-4.761144,px4_default
77144000,4.337910,-2.431804,-4.733638,4.297740,-2.261480,-4.760672,px4_default
77164000,4.294075,-2.454708,-4.734348,4.244778,-2.284368,-4.759825,px4_default
77184000,4.249560,-2.476051,-4.734962,4.209150,-2.298725,-4.759128,px4_default
77204000,4.204493,-2.496019,-4.735480,4.155217,-2.319088,-4.757931,px4_default
77224000,4.159057,-2.515048,-4.735930,4.118951,-2.331805,-4.757024,px4_default
77244000,4.113164,-2.532885,-4.736289,4.064091,-2.349537,-4.755506,px4_default
77264000,4.066777,-2.549364,-4.736540,4.027215,-2.360524,-4.754376,px4_default
77284000,4.019919,-2.564421,-4.736670,3.971509,-2.375496,-4.752528,px4_default
77304000,3.972665,-2.578231,-4.736689,3.934107,-2.384582,-4.751161,px4_default
77324000,3.925028,-2.590801,-4.736592,3.877628,-2.396856,-4.748848,px4_default
77344000,3.876963,-2.601919,-4.736352,3.839740,-2.404014,-4.747121,px4_default
77364000,3.828494,-2.611599,-4.735966,3.782563,-2.413421,-4.744226,px4_default
77384000,3.779739,-2.620165,-4.735459,3.744239,-2.418710,-4.742093,px4_default
77404000,3.730634,-2.627306,-4.734798,3.686470,-2.425145,-4.738558,px4_default
77424000,3.681118,-2.632643,-4.733927,3.647756,-2.428504,-4.736039,px4_default
77444000,3.631296,-2.636580,-4.732886,3.589432,-2.431992,-4.731958,px4_default
77464000,3.581247,-2.639426,-4.731707,3.550364,-2.433349,-4.729067,px4_default
77484000,3.530959,-2.641101,-4.730376,3.491524,-2.433678,-4.724452,px4_default
77504000,3.480266,-2.640406,-4.728678,3.452129,-2.432876,-4.721216,px4_default
77524000,3.429371,-2.638436,-4.726763,3.392797,-2.430127,-4.716126,px4_default
77544000,3.378297,-2.635306,-4.724647,3.353103,-2.427116,-4.712565,px4_default
77564000,3.327034,-2.630909,-4.722312,3.293322,-2.421088,-4.706941,px4_default
77584000,3.275505,-2.624681,-4.719659,3.253318,-2.415971,-4.703003,px4_default
77604000,3.223762,-2.616616,-4.716697,3.193072,-2.406639,-4.696815,px4_default
77624000,3.171887,-2.607398,-4.713549,3.152760,-2.399385,-4.692533,px4_default
77644000,3.119861,-2.596821,-4.710195,3.092025,-2.386672,-4.685916,px4_default
77664000,3.067666,-2.584683,-4.706612,3.051393,-2.377083,-4.681392,px4_default
77684000,3.015282,-2.570739,-4.702775,2.990242,-2.361024,-4.674440,px4_default
77704000,2.962773,-2.555379,-4.698730,2.949340,-2.349220,-4.669709,px4_default
77724000,2.910163,-2.538749,-4.694494,2.887789,-2.329863,-4.662455,px4_default
77744000,2.857428,-2.520510,-4.690006,2.846574,-2.315735,-4.657547,px4_default
77764000,2.804571,-2.500632,-4.685261,2.784554,-2.292949,-4.650112,px4_default
77784000,2.751634,-2.479582,-4.680344,2.743061,-2.276632,-4.645102,px4_default
77804000,2.698604,-2.457165,-4.675228,2.680599,-2.250492,-4.637486,px4_default
77824000,2.645450,-2.432901,-4.669880,2.638836,-2.232023,-4.632372,px4_default
77844000,2.592211,-2.407213,-4.664367,2.575907,-2.202550,-4.624648,px4_default
77864000,2.538920,-2.380454,-4.658741,2.533825,-2.181830,-4.619493,px4_default
77884000,2.485575,-2.352573,-4.653003,2.470510,-2.149154,-4.611779,px4_default
77904000,2.432127,-2.322645,-4.647085,2.428142,-2.126222,-4.606660,px4_default
77924000,2.378612,-2.291464,-4.641078,2.364418,-2.090328,-4.599028,px4_default
77944000,2.325044,-2.259204,-4.634997,2.321799,-2.065356,-4.593978,px4_default
77964000,2.271431,-2.225872,-4.628841,2.257701,-2.026452,-4.586462,px4_default
77984000,2.217770,-2.191094,-4.622585,2.214833,-1.999520,-4.581513,px4_default
78004000,2.164048,-2.154690,-4.616242,2.150292,-1.957621,-4.574195,px4_default
78024000,2.110288,-2.117347,-4.609868,2.107145,-1.928753,-4.569384,px4_default
78044000,2.056485,-2.078986,-4.603471,2.042132,-1.883924,-4.562324,px4_default
78064000,2.002637,-2.039464,-4.597064,1.998654,-1.853100,-4.557724,px4_default
78084000,1.948755,-1.998482,-4.590666,1.933233,-1.805489,-4.550997,px4_default
78104000,1.894844,-1.956472,-4.584292,1.889380,-1.772746,-4.546675,px4_default
78124000,1.840907,-1.913620,-4.577941,1.823377,-1.722360,-4.540370,px4_default
78144000,1.786929,-1.869606,-4.571640,1.779159,-1.687889,-4.536310,px4_default
78164000,1.732910,-1.824369,-4.565402,1.712497,-1.634918,-4.530438,px4_default
78184000,1.678879,-1.778343,-4.559224,1.667913,-1.598825,-4.526650,px4_default
78204000,1.624835,-1.731412,-4.553118,1.600622,-1.543486,-4.521253,px4_default
78224000,1.570767,-1.683362,-4.547123,1.555702,-1.505898,-4.517771,px4_default
78244000,1.516681,-1.634393,-4.541233,1.487880,-1.448498,-4.512855,px4_default
78264000,1.462581,-1.584701,-4.535436,1.442494,-1.409583,-4.509735,px4_default
78284000,1.408467,-1.534313,-4.529734,1.374162,-1.350272,-4.505307,px4_default
78304000,1.354323,-1.482780,-4.524210,1.328306,-1.310175,-4.502559,px4_default
78324000,1.300178,-1.430480,-4.518833,1.259337,-1.249185,-4.498656,px4_default
78344000,1.246035,-1.377548,-4.513583,1.213155,-1.208009,-4.496229,px4_default
78364000,1.191889,-1.324036,-4.508460,1.143602,-1.145499,-4.492862,px4_default
78384000,1.137740,-1.269781,-4.503505,1.097126,-1.103318,-4.490748,px4_default
78404000,1.083575,-1.214585,-4.498798,1.027056,-1.039489,-4.487925,px4_default
78424000,1.029414,-1.158908,-4.494236,0.980206,-0.996512,-4.486240,px4_default
78444000,0.975261,-1.102760,-4.489821,0.909737,-0.931445,-4.484005,px4_default
78464000,0.921118,-1.046075,-4.485589,0.862485,-0.887767,-4.482764,px4_default
78484000,0.866985,-0.988643,-4.481633,0.791605,-0.821608,-4.481114,px4_default
78504000,0.812852,-0.930745,-4.477873,0.744107,-0.777276,-4.480283,px4_default
78524000,0.758720,-0.872482,-4.474271,0.672780,-0.710307,-4.479291,px4_default
78544000,0.704607,-0.813753,-4.470901,0.625119,-0.665434,-4.478824,px4_default
78564000,0.650519,-0.754544,-4.467793,0.553477,-0.597810,-4.478358,px4_default
78584000,0.596446,-0.695011,-4.464886,0.505685,-0.552471,-4.478195,px4_default
78604000,0.542386,-0.635145,-4.462193,0.433830,-0.484311,-4.478298,px4_default
78624000,0.488336,-0.574914,-4.459764,0.385912,-0.438700,-4.478553,px4_default
78644000,0.434309,-0.514392,-4.457582,0.314021,-0.370057,-4.479214,px4_default
78664000,0.380309,-0.453655,-4.455618,0.266031,-0.324322,-4.479882,px4_default
78684000,0.326334,-0.392738,-4.453853,0.194088,-0.255554,-4.481148,px4_default
78704000,0.272389,-0.331569,-4.452400,0.146119,-0.209722,-4.482189,px4_default
78724000,0.218474,-0.270245,-4.451217,0.074157,-0.141046,-4.484032,px4_default
78744000,0.164581,-0.208809,-4.450256,0.026227,-0.095216,-4.485447,px4_default
78764000,0.110705,-0.147290,-4.449492,-0.045612,-0.026629,-4.487854,px4_default
78784000,0.056848,-0.085681,-4.448969,-0.093437,0.019091,-4.489616,px4_default
78804000,0.003055,-0.024053,-4.448832,-0.165127,0.087268,-4.492618,px4_default
78824000,-0.050709,0.037560,-4.448895,-0.212861,0.132607,-4.494802,px4_default
78844000,-0.104446,0.099151,-4.449147,-0.284363,0.200420,-4.498327,px4_default
78864000,-0.158156,0.160696,-4.449625,-0.331999,0.245275,-4.500879,px4_default
78884000,-0.211827,0.222125,-4.450475,-0.403310,0.312401,-4.504929,px4_default
78904000,-0.265453,0.283404,-4.451558,-0.450778,0.356907,-4.507800,px4_default
78924000,-0.319043,0.344558,-4.452826,-0.521829,0.423214,-4.512354,px4_default
78944000,-0.372591,0.405514,-4.454345,-0.569081,0.467241,-4.515519,px4_default
78964000,-0.426094,0.466226,-4.456141,-0.639828,0.532534,-4.520522,px4_default
78984000,-0.479567,0.526693,-4.458173,-0.686873,0.575767,-4.524006,px4_default
79004000,-0.533002,0.586898,-4.460425,-0.757255,0.640146,-4.529415,px4_default
79024000,-0.586383,0.646759,-4.462922,-0.804045,0.682730,-4.533135,px4_default
79044000,-0.639713,0.706245,-4.465661,-0.874029,0.746078,-4.538891,px4_default
79064000,-0.693000,0.765363,-4.468616,-0.920540,0.787711,-4.542864,px4_default
79084000,-0.746255,0.824150,-4.471755,-0.990091,0.849680,-4.548949,px4_default
79104000,-0.799468,0.882445,-4.475148,-1.036313,0.890512,-4.553087,px4_default
79124000,-0.852617,0.940170,-4.478780,-1.105429,0.950980,-4.559431,px4_default
79144000,-0.905715,0.997414,-4.482603,-1.151361,0.990913,-4.563723,px4_default
79164000,-0.958776,1.054248,-4.486577,-1.220016,1.049724,-4.570289,px4_default
79184000,-1.011794,1.110602,-4.490725,-1.265608,1.088442,-4.574726,px4_default
79204000,-1.064750,1.165995,-4.495174,-1.333731,1.145761,-4.581454,px4_default
79224000,-1.117660,1.220862,-4.499764,-1.401520,1.201869,-4.588243,px4_default
79244000,-1.170527,1.275226,-4.504483,-1.446550,1.238721,-4.592792,px4_default
79264000,-1.223345,1.328989,-4.509346,-1.491445,1.275073,-4.597359,px4_default
79284000,-1.276093,1.381754,-4.514429,-1.558528,1.328823,-4.604207,px4_default
79304000,-1.328788,1.433720,-4.519659,-1.603046,1.363960,-4.608771,px4_default
79324000,-1.381446,1.485092,-4.524995,-1.669497,1.415617,-4.615602,px4_default
79344000,-1.434062,1.535686,-4.530457,-1.713626,1.449497,-4.620123,px4_default
79364000,-1.486629,1.585368,-4.536052,-1.779446,1.498971,-4.626854,px4_default
79384000,-1.539130,1.634092,-4.541763,-1.823144,1.531286,-4.631288,px4_default
79404000,-1.591578,1.681973,-4.547565,-1.888427,1.578734,-4.637821,px4_default
79424000,-1.643976,1.728951,-4.553453,-1.931725,1.609404,-4.642077,px4_default
79444000,-1.696326,1.774906,-4.559425,-1.996446,1.654423,-4.648325,px4_default
79464000,-1.748630,1.819841,-4.565465,-2.039411,1.683598,-4.652421,px4_default
79484000,-1.800890,1.863927,-4.571550,-2.103584,1.726094,-4.658429,px4_default
79504000,-1.853085,1.906908,-4.577685,-2.146225,1.753724,-4.662345,px4_default
79524000,-1.905217,1.948562,-4.583851,-2.209865,1.793593,-4.668037,px4_default
79544000,-1.957304,1.989138,-4.590030,-2.252197,1.819598,-4.671738,px4_default
79564000,-2.009360,2.028868,-4.596203,-2.315379,1.856951,-4.677128,px4_default
79584000,-2.061382,2.067657,-4.602366,-2.357342,1.880990,-4.680591,px4_default
79604000,-2.113305,2.104503,-4.608452,-2.420059,1.915736,-4.685612,px4_default
79624000,-2.165183,2.140317,-4.614492,-2.461610,1.937776,-4.688795,px4_default
79644000,-2.217021,2.175182,-4.620489,-2.523736,1.969634,-4.693350,px4_default
79664000,-2.268816,2.208982,-4.626434,-2.564972,1.989923,-4.696154,px4_default
79684000,-2.320551,2.241117,-4.632291,-2.626530,2.018911,-4.699934,px4_default
79704000,-2.372208,2.271743,-4.638045,-2.667445,2.037423,-4.702175,px4_default
79724000,-2.423814,2.301342,-4.643725,-2.728426,2.063444,-4.705193,px4_default
79744000,-2.475363,2.329700,-4.649309,-2.768929,2.079854,-4.707040,px4_default
79764000,-2.526849,2.356618,-4.654774,-2.829468,2.103039,-4.709579,px4_default
79784000,-2.578262,2.381891,-4.660086,-2.869574,2.117318,-4.711073,px4_default
79804000,-2.629624,2.405855,-4.665266,-2.929670,2.137604,-4.713122,px4_default
79824000,-2.680938,2.428543,-4.670310,-2.969496,2.149894,-4.714310,px4_default
79844000,-2.732182,2.449689,-4.675128,-3.029055,2.166930,-4.715852,px4_default
79864000,-2.783346,2.469252,-4.679673,-3.088305,2.182111,-4.716983,px4_default
79884000,-2.834452,2.487611,-4.684005,-3.127491,2.191027,-4.717447,px4_default
79904000,-2.885493,2.504598,-4.688091,-3.166652,2.199335,-4.717698,px4_default
79924000,-2.936438,2.519657,-4.691916,-3.224910,2.209996,-4.717697,px4_default
79944000,-2.987294,2.533184,-4.695537,-3.263574,2.216077,-4.717511,px4_default
79964000,-3.038071,2.545569,-4.699001,-3.321309,2.223637,-4.717038,px4_default
79984000,-3.088758,2.556687,-4.702292,-3.359448,2.227427,-4.716588,px4_default
80004000,-3.139277,2.565479,-4.705258,-3.416422,2.231641,-4.715802,px4_default
80024000,-3.189693,2.572890,-4.707994,-3.454139,2.233331,-4.715182,px4_default
80044000,-3.240015,2.579091,-4.710515,-3.510303,2.234177,-4.714104,px4_default
80064000,-3.290229,2.584053,-4.712793,-3.547580,2.233753,-4.713292,px4_default
80084000,-3.340267,2.587214,-4.714681,-3.603026,2.231468,-4.711951,px4_default
80104000,-3.390105,2.588540,-4.716230,-3.639807,2.228972,-4.710990,px4_default
80124000,-3.439808,2.588707,-4.717594,-3.694287,2.223374,-4.709499,px4_default
80144000,-3.489353,2.587580,-4.718776,-3.730333,2.218614,-4.708470,px4_default
80164000,-3.538699,2.584962,-4.719767,-3.783997,2.209945,-4.706861,px4_default
80184000,-3.587744,2.580477,-4.720530,-3.819285,2.202984,-4.705748,px4_default
80204000,-3.636559,2.574672,-4.721139,-3.871900,2.191132,-4.704041,px4_default
80224000,-3.685167,2.567701,-4.721617,-3.906633,2.182186,-4.702895,px4_default
80244000,-3.733476,2.559207,-4.721932,-3.958207,2.167229,-4.701186,px4_default
80264000,-3.781448,2.549083,-4.722078,-3.992365,2.156349,-4.700038,px4_default
80284000,-3.829166,2.537815,-4.722115,-4.042858,2.138390,-4.698328,px4_default
80304000,-3.876600,2.525297,-4.722034,-4.076226,2.125497,-4.697253,px4_default
80324000,-3.923601,2.511136,-4.721809,-4.125829,2.104795,-4.695645,px4_default
80344000,-3.970228,2.495621,-4.721471,-4.158563,2.090116,-4.694582,px4_default
80364000,-4.016554,2.479065,-4.721053,-4.207170,2.066798,-4.693024,px4_default
80384000,-4.062563,2.461432,-4.720553,-4.239014,2.050298,-4.692026,px4_default
80404000,-4.108016,2.442012,-4.719929,-4.286331,2.024333,-4.690542,px4_default
80424000,-4.153044,2.421387,-4.719230,-4.317427,2.006159,-4.689539,px4_default
80444000,-4.197696,2.399734,-4.718471,-4.363383,1.977636,-4.688091,px4_default
80464000,-4.241983,2.377107,-4.717656,-4.393699,1.957847,-4.687154,px4_default
80484000,-4.285748,2.353127,-4.716771,-4.438235,1.926837,-4.685831,px4_default
80504000,-4.328872,2.327593,-4.715816,-4.467502,1.905401,-4.684995,px4_default
80524000,-4.371597,2.301158,-4.714827,-4.510763,1.872124,-4.683821,px4_default
80544000,-4.413897,2.273802,-4.713802,-4.538937,1.849191,-4.683160,px4_default
80564000,-4.455690,2.245387,-4.712743,-4.580616,1.813778,-4.682229,px4_default
80584000,-4.496733,2.215474,-4.711641,-4.607870,1.789486,-4.681684,px4_default
80604000,-4.537263,2.184591,-4.710520,-4.648136,1.752086,-4.680903,px4_default
80624000,-4.577370,2.152915,-4.709383,-4.674387,1.726515,-4.680441,px4_default
80644000,-4.616836,2.120137,-4.708230,-4.712893,1.687228,-4.679829,px4_default
80664000,-4.655557,2.086133,-4.707065,-4.738137,1.660428,-4.679471,px4_default
80684000,-4.693743,2.051297,-4.705897,-4.774859,1.619346,-4.679019,px4_default
80704000,-4.731354,2.015577,-4.704727,-4.798802,1.591393,-4.678752,px4_default
80724000,-4.768212,1.978772,-4.703562,-4.833910,1.548638,-4.678392,px4_default
80744000,-4.804381,1.941005,-4.702405,-4.856521,1.519632,-4.678210,px4_default
80764000,-4.839962,1.902452,-4.701258,-4.889718,1.475327,-4.677975,px4_default
80784000,-4.874965,1.863153,-4.700122,-4.911201,1.445291,-4.677869,px4_default
80804000,-4.909044,1.822746,-4.699009,-4.942459,1.399535,-4.677747,px4_default
80824000,-4.942360,1.781474,-4.697920,-4.962807,1.368542,-4.677685,px4_default
80844000,-4.975028,1.739482,-4.696852,-4.992124,1.321484,-4.677631,px4_default
80864000,-5.007108,1.696859,-4.695805,-5.011326,1.289611,-4.677602,px4_default
80884000,-5.038405,1.653409,-4.694787,-5.038866,1.241308,-4.677626,px4_default
80904000,-5.068573,1.608904,-4.693815,-5.056611,1.208713,-4.677653,px4_default
80924000,-5.098101,1.563823,-4.692871,-5.082308,1.159248,-4.677737,px4_default
80944000,-5.127007,1.518195,-4.691955,-5.098560,1.126001,-4.677871,px4_default
80964000,-5.155180,1.471939,-4.691071,-5.122104,1.075559,-4.678128,px4_default
80984000,-5.182129,1.424684,-4.690245,-5.137061,1.041625,-4.678357,px4_default
81004000,-5.208298,1.376865,-4.689456,-5.158385,0.990285,-4.678797,px4_default
81024000,-5.233820,1.328587,-4.688698,-5.172033,0.955703,-4.679120,px4_default
81044000,-5.258445,1.279697,-4.687983,-5.191119,0.903548,-4.679723,px4_default
81064000,-5.282032,1.230125,-4.687318,-5.203181,0.868507,-4.680155,px4_default
81084000,-5.304765,1.180025,-4.686694,-5.220275,0.815554,-4.680847,px4_default
81104000,-5.326672,1.129439,-4.686110,-5.230782,0.780160,-4.681371,px4_default
81124000,-5.347581,1.078316,-4.685572,-5.245907,0.726505,-4.682143,px4_default
81144000,-5.367506,1.026693,-4.685081,-5.255117,0.690658,-4.682697,px4_default
81164000,-5.386539,0.974637,-4.684628,-5.268049,0.636514,-4.683542,px4_default
81184000,-5.404765,0.922204,-4.684212,-5.275928,0.600280,-4.684133,px4_default
81204000,-5.421842,0.869258,-4.683846,-5.286617,0.545781,-4.685050,px4_default
81224000,-5.437818,0.815894,-4.683524,-5.293138,0.509237,-4.685658,px4_default
81244000,-5.452871,0.762197,-4.683238,-5.301571,0.454484,-4.686563,px4_default
81264000,-5.467148,0.708234,-4.682981,-5.306502,0.417861,-4.687044,px4_default
81284000,-5.480462,0.653948,-4.682761,-5.312873,0.362768,-4.687540,px4_default
81304000,-5.492196,0.599209,-4.682591,-5.316205,0.326094,-4.687744,px4_default
81324000,-5.503076,0.544246,-4.682448,-5.320268,0.270829,-4.687988,px4_default
81344000,-5.513166,0.489084,-4.682328,-5.322190,0.233930,-4.688136,px4_default
81364000,-5.522337,0.433711,-4.682232,-5.323878,0.178547,-4.688360,px4_default
81384000,-5.529910,0.378038,-4.682174,-5.324354,0.141487,-4.688519,px4_default
81404000,-5.536435,0.322201,-4.682136,-5.323891,0.085925,-4.688787,px4_default
81424000,-5.542135,0.266241,-4.682100,-5.322940,0.048774,-4.688975,px4_default
81444000,-5.546775,0.210138,-4.682027,-5.320121,-0.006707,-4.689304,px4_default
81464000,-5.550200,0.153895,-4.681885,-5.317520,-0.043702,-4.689552,px4_default
81484000,-5.552484,0.097579,-4.681675,-5.312542,-0.099199,-4.689978,px4_default
81504000,-5.553784,0.041212,-4.681441,-5.308298,-0.135970,-4.690338,px4_default
81524000,-5.553986,-0.015194,-4.681221,-5.300979,-0.191207,-4.690925,px4_default
81544000,-5.553033,-0.071619,-4.681026,-5.295331,-0.227934,-4.691373,px4_default
81564000,-5.550987,-0.128038,-4.680862,-5.285729,-0.282836,-4.692112,px4_default
81584000,-5.548028,-0.184422,-4.680726,-5.278708,-0.319453,-4.692633,px4_default
81604000,-5.543913,-0.240734,-4.680626,-5.266901,-0.373930,-4.693552,px4_default
81624000,-5.538567,-0.296929,-4.680567,-5.258385,-0.410172,-4.694198,px4_default
81644000,-5.532211,-0.353014,-4.680544,-5.244650,-0.464407,-4.695247,px4_default
81664000,-5.525074,-0.409001,-4.680551,-5.234863,-0.500441,-4.695998,px4_default
81684000,-5.517047,-0.464869,-4.680593,-5.219246,-0.554297,-4.697201,px4_default
81704000,-5.507368,-0.520408,-4.680716,-5.208075,-0.589823,-4.698073,px4_default
81724000,-5.496855,-0.575759,-4.680883,-5.190491,-0.643013,-4.699415,px4_default
81744000,-5.485593,-0.630930,-4.681091,-5.178134,-0.678244,-4.700342,px4_default
81764000,-5.473490,-0.685887,-4.681345,-5.158660,-0.730722,-4.701796,px4_default
81784000,-5.460016,-0.740455,-4.681678,-5.145144,-0.765611,-4.702788,px4_default
81804000,-5.445521,-0.794693,-4.682072,-5.123791,-0.817281,-4.704328,px4_default
81824000,-5.430290,-0.848677,-4.682512,-5.109000,-0.851512,-4.705381,px4_default
81844000,-5.414175,-0.902325,-4.683006,-5.085988,-0.902518,-4.707012,px4_default
81864000,-5.397047,-0.955561,-4.683565,-5.069981,-0.936022,-4.708175,px4_default
81884000,-5.378849,-1.008325,-4.684194,-5.045236,-0.986026,-4.709939,px4_default
81904000,-5.359825,-1.060705,-4.684876,-5.028185,-1.019019,-4.711140,px4_default
81924000,-5.339959,-1.112678,-4.685614,-5.001897,-1.068201,-4.712940,px4_default
81944000,-5.319144,-1.164144,-4.686415,-4.983838,-1.100601,-4.714154,px4_default
81964000,-5.297378,-1.215062,-4.687279,-4.955953,-1.148595,-4.716022,px4_default
81984000,-5.274870,-1.265530,-4.688192,-4.936901,-1.180353,-4.717299,px4_default
82004000,-5.251520,-1.315475,-4.689161,-4.907470,-1.227069,-4.719287,px4_default
82024000,-5.227119,-1.364721,-4.690198,-4.887383,-1.257857,-4.720629,px4_default
82044000,-5.201873,-1.413370,-4.691289,-4.856562,-1.303487,-4.722650,px4_default
82064000,-5.176011,-1.461549,-4.692420,-4.835495,-1.333270,-4.724006,px4_default
82084000,-5.149449,-1.509185,-4.693593,-4.803278,-1.377491,-4.726021,px4_default
82104000,-5.121653,-1.555802,-4.694840,-4.781353,-1.406481,-4.727330,px4_default
82124000,-5.093152,-1.601805,-4.696126,-4.747816,-1.449185,-4.729293,px4_default
82144000,-5.064036,-1.647253,-4.697446,-4.725062,-1.477308,-4.730590,px4_default
82164000,-5.034281,-1.692101,-4.698800,-4.690311,-1.518350,-4.732507,px4_default
82184000,-5.003541,-1.735962,-4.700202,-4.666790,-1.545523,-4.733748,px4_default
82204000,-4.971948,-1.778913,-4.701642,-4.630944,-1.585068,-4.735611,px4_default
82224000,-4.939786,-1.821237,-4.703104,-4.606692,-1.610917,-4.736835,px4_default
82244000,-4.906985,-1.862834,-4.704589,-4.569789,-1.648907,-4.738633,px4_default
82264000,-4.873454,-1.903573,-4.706099,-4.544847,-1.673378,-4.739841,px4_default
82284000,-4.839038,-1.943224,-4.707631,-4.506938,-1.709388,-4.741621,px4_default
82304000,-4.804017,-1.982069,-4.709174,-4.481342,-1.732709,-4.742808,px4_default
82324000,-4.768429,-2.020135,-4.710725,-4.442491,-1.766659,-4.744573,px4_default
82344000,-4.732144,-2.057202,-4.712280,-4.416271,-1.788798,-4.745701,px4_default
82364000,-4.695115,-2.093170,-4.713834,-4.376494,-1.820601,-4.747382,px4_default
82384000,-4.657543,-2.128300,-4.715381,-4.349668,-1.841161,-4.748456,px4_default
82404000,-4.619406,-2.162549,-4.716918,-4.308971,-1.871024,-4.750010,px4_default
82424000,-4.580519,-2.195502,-4.718430,-4.281578,-1.889937,-4.751010,px4_default
82444000,-4.541020,-2.227362,-4.719915,-4.240013,-1.917768,-4.752368,px4_default
82464000,-4.501078,-2.258401,-4.721375,-4.212072,-1.935296,-4.753213,px4_default
82484000,-4.460644,-2.288518,-4.722805,-4.169734,-1.960668,-4.754313,px4_default
82504000,-4.419407,-2.317064,-4.724174,-4.141254,-1.976732,-4.754929,px4_default
82524000,-4.377666,-2.344523,-4.725494,-4.098161,-1.999539,-4.755682,px4_default
82544000,-4.335495,-2.371027,-4.726767,-4.069155,-2.014100,-4.756067,px4_default
82564000,-4.292909,-2.396589,-4.727990,-4.025303,-2.034273,-4.756453,px4_default
82584000,-4.249709,-2.420718,-4.729133,-3.995806,-2.046938,-4.756552,px4_default
82604000,-4.205898,-2.443335,-4.730178,-3.951174,-2.064744,-4.756492,px4_default
82624000,-4.161713,-2.464975,-4.731155,-3.921206,-2.075469,-4.756355,px4_default
82644000,-4.117146,-2.485570,-4.732053,-3.875882,-2.090489,-4.755957,px4_default
82664000,-4.072147,-2.504941,-4.732857,-3.845459,-2.099546,-4.755561,px4_default
82684000,-4.026560,-2.522563,-4.733512,-3.799528,-2.111696,-4.754774,px4_default
82704000,-3.980605,-2.539021,-4.734065,-3.768668,-2.119058,-4.754095,px4_default
82724000,-3.934332,-2.554455,-4.734527,-3.722134,-2.128610,-4.752861,px4_default
82744000,-3.887638,-2.568472,-4.734843,-3.690894,-2.134210,-4.751879,px4_default
82764000,-3.840472,-2.580849,-4.734981,-3.643862,-2.140786,-4.750155,px4_default
82784000,-3.793004,-2.592043,-4.734980,-3.612315,-2.144305,-4.748768,px4_default
82804000,-3.745225,-2.602011,-4.734837,-3.564750,-2.148285,-4.746257,px4_default
82824000,-3.697042,-2.610325,-4.734495,-3.532943,-2.149734,-4.744307,px4_default
82844000,-3.648504,-2.617152,-4.733970,-3.484913,-2.150718,-4.741052,px4_default
82864000,-3.599688,-2.622776,-4.733290,-3.452760,-2.150347,-4.738683,px4_default
82884000,-3.550595,-2.627152,-4.732450,-3.404348,-2.148235,-4.734811,px4_default
82904000,-3.501109,-2.629592,-4.731358,-3.371877,-2.145993,-4.732048,px4_default
82924000,-3.451328,-2.630522,-4.730059,-3.323142,-2.140710,-4.727611,px4_default
82944000,-3.401300,-2.630156,-4.728565,-3.290524,-2.136218,-4.724546,px4_default
82964000,-3.351051,-2.628619,-4.726866,-3.241385,-2.128038,-4.719638,px4_default
82984000,-3.300495,-2.625428,-4.724843,-3.208495,-2.121631,-4.716136,px4_default
83004000,-3.249622,-2.620244,-4.722424,-3.158985,-2.110578,-4.710575,px4_default
83024000,-3.198558,-2.613841,-4.719799,-3.125965,-2.101979,-4.706672,px4_default
83044000,-3.147305,-2.606229,-4.716990,-3.076153,-2.087803,-4.700545,px4_default
83064000,-3.095835,-2.597220,-4.713979,-3.042838,-2.077300,-4.696325,px4_default
83084000,-3.044025,-2.585968,-4.710646,-2.992747,-2.059934,-4.689840,px4_default
83104000,-2.992038,-2.573370,-4.707124,-2.942407,-2.040747,-4.683153,px4_default
83124000,-2.939903,-2.559635,-4.703441,-2.908733,-2.026870,-4.678583,px4_default
83144000,-2.887571,-2.544343,-4.699519,-2.874985,-2.012123,-4.673962,px4_default
83164000,-2.835011,-2.527235,-4.695303,-2.824122,-1.988511,-4.666921,px4_default
83184000,-2.782285,-2.508768,-4.690843,-2.790197,-1.971520,-4.662169,px4_default
83204000,-2.729407,-2.489007,-4.686158,-2.739005,-1.944725,-4.654916,px4_default
83224000,-2.676363,-2.467640,-4.681228,-2.704758,-1.925812,-4.650021,px4_default
83244000,-2.623163,-2.444749,-4.676093,-2.653086,-1.896136,-4.642571,px4_default
83264000,-2.569830,-2.420549,-4.670804,-2.618530,-1.875317,-4.637596,px4_default
83284000,-2.516375,-2.395113,-4.665375,-2.566530,-1.842569,-4.630175,px4_default
83304000,-2.462757,-2.367972,-4.659761,-2.531652,-1.819888,-4.625236,px4_default
83324000,-2.408998,-2.339348,-4.654008,-2.479343,-1.784175,-4.617913,px4_default
83344000,-2.355126,-2.309481,-4.648141,-2.444291,-1.759471,-4.613068,px4_default
83364000,-2.301171,-2.278579,-4.642180,-2.391439,-1.721084,-4.605871,px4_default
83384000,-2.247114,-2.246322,-4.636098,-2.356150,-1.694374,-4.601160,px4_default
83404000,-2.192916,-2.212226,-4.629884,-2.302867,-1.653106,-4.594182,px4_default
83424000,-2.138639,-2.177091,-4.623617,-2.267204,-1.624652,-4.589631,px4_default
83444000,-2.084287,-2.141018,-4.617312,-2.213464,-1.580613,-4.582969,px4_default
83464000,-2.029859,-2.103889,-4.610975,-2.177387,-1.550503,-4.578609,px4_default
83484000,-1.975326,-2.064895,-4.604610,-2.123143,-1.503888,-4.572276,px4_default
83504000,-1.920733,-2.024896,-4.598249,-2.086650,-1.472225,-4.568110,px4_default
83524000,-1.866090,-1.984048,-4.591895,-2.031852,-1.423380,-4.562124,px4_default
83544000,-1.811380,-1.942102,-4.585560,-1.995129,-1.390109,-4.558263,px4_default
83564000,-1.756595,-1.898891,-4.579261,-1.939790,-1.339157,-4.552695,px4_default
83584000,-1.701772,-1.854621,-4.573016,-1.902858,-1.304373,-4.549189,px4_default
83604000,-1.646916,-1.809462,-4.566822,-1.847088,-1.251296,-4.544085,px4_default
83624000,-1.592019,-1.763288,-4.560700,-1.809748,-1.215239,-4.540853,px4_default
83644000,-1.537081,-1.716100,-4.554663,-1.753522,-1.160157,-4.536289,px4_default
83664000,-1.482105,-1.667999,-4.548717,-1.715783,-1.122886,-4.533407,px4_default
83684000,-1.427109,-1.619115,-4.542858,-1.659058,-1.065989,-4.529408,px4_default
83704000,-1.372100,-1.569274,-4.537123,-1.621065,-1.027526,-4.526916,px4_default
83724000,-1.317077,-1.518497,-4.531529,-1.563765,-0.969080,-4.523414,px4_default
83744000,-1.262043,-1.466951,-4.526063,-1.525479,-0.929565,-4.521306,px4_default
83764000,-1.207003,-1.414815,-4.520703,-1.467573,-0.869727,-4.518299,px4_default
83784000,-1.151959,-1.361962,-4.515478,-1.428932,-0.829357,-4.516538,px4_default
83804000,-1.096902,-1.308006,-4.510495,-1.370624,-0.768255,-4.514110,px4_default
83824000,-1.041854,-1.253488,-4.505655,-1.331614,-0.727148,-4.512679,px4_default
83844000,-0.986821,-1.198486,-4.500946,-1.272942,-0.664976,-4.510808,px4_default
83864000,-0.931802,-1.142955,-4.496387,-1.233611,-0.623219,-4.509713,px4_default
83884000,-0.876808,-1.086534,-4.492105,-1.174572,-0.560157,-4.508403,px4_default
83904000,-0.821826,-1.029572,-4.488015,-1.135013,-0.517862,-4.507684,px4_default
83924000,-0.766857,-0.972200,-4.484080,-1.075418,-0.454054,-4.506851,px4_default
83944000,-0.711919,-0.914358,-4.480339,-1.035620,-0.411303,-4.506522,px4_default
83964000,-0.657024,-0.855996,-4.476832,-0.975569,-0.346876,-4.506276,px4_default
83984000,-0.602168,-0.797144,-4.473574,-0.935410,-0.303739,-4.506307,px4_default
84004000,-0.547340,-0.737934,-4.470511,-0.874942,-0.238826,-4.506649,px4_default
84024000,-0.492540,-0.678353,-4.467663,-0.834400,-0.195415,-4.507029,px4_default
84044000,-0.437786,-0.618410,-4.465058,-0.773377,-0.130183,-4.507898,px4_default
84064000,-0.383090,-0.558150,-4.462696,-0.732487,-0.086604,-4.508633,px4_default
84084000,-0.328440,-0.497650,-4.460539,-0.671021,-0.021232,-4.510047,px4_default
84104000,-0.273841,-0.436890,-4.458619,-0.629848,0.022383,-4.511149,px4_default
84124000,-0.219296,-0.375870,-4.456988,-0.567824,0.087833,-4.513055,px4_default
84144000,-0.164806,-0.314662,-4.455604,-0.526396,0.131392,-4.514499,px4_default
84164000,-0.110368,-0.253347,-4.454405,-0.463908,0.196716,-4.516853,px4_default
84184000,-0.055993,-0.191918,-4.453424,-0.422083,0.240201,-4.518578,px4_default
84204000,-0.001722,-0.130355,-4.452831,-0.359145,0.305283,-4.521407,px4_default
84224000,0.052488,-0.068754,-4.452458,-0.316972,0.348602,-4.523425,px4_default
84244000,0.106643,-0.007134,-4.452278,-0.253549,0.413287,-4.526745,px4_default
84264000,0.160741,0.054493,-4.452304,-0.211101,0.456271,-4.529101,px4_default
84284000,0.214747,0.116096,-4.452681,-0.147158,0.520508,-4.532826,px4_default
84304000,0.268657,0.177593,-4.453325,-0.104362,0.563127,-4.535433,px4_default
84324000,0.322498,0.239001,-4.454164,-0.039933,0.626725,-4.539537,px4_default
84344000,0.376261,0.300289,-4.455226,0.003088,0.668759,-4.542448,px4_default
84364000,0.429938,0.361417,-4.456548,0.067901,0.731460,-4.546974,px4_default
84384000,0.483519,0.422307,-4.458173,0.111242,0.772924,-4.550145,px4_default
84404000,0.537022,0.482988,-4.460008,0.176421,0.834586,-4.555097,px4_default
84424000,0.590436,0.543433,-4.462054,0.220037,0.875417,-4.558492,px4_default
84444000,0.643750,0.603563,-4.464349,0.285591,0.935966,-4.563814,px4_default
84464000,0.696960,0.663331,-4.466905,0.329449,0.975978,-4.567466,px4_default
84484000,0.750094,0.722787,-4.469660,0.395441,1.035444,-4.573083,px4_default
84504000,0.803153,0.781916,-4.472619,0.439525,1.074546,-4.576955,px4_default
84524000,0.856082,0.840505,-4.475846,0.505865,1.132640,-4.582850,px4_default
84544000,0.908902,0.898611,-4.479297,0.550177,1.170879,-4.586866,px4_default
84564000,0.961650,0.956349,-4.482903,0.616842,1.227606,-4.592957,px4_default
84584000,1.014312,1.013650,-4.486691,0.661370,1.264869,-4.597085,px4_default
84604000,1.066846,1.070176,-4.490762,0.728282,1.319910,-4.603363,px4_default
84624000,1.119283,1.126145,-4.495006,0.773003,1.356142,-4.607599,px4_default
84644000,1.171633,1.181612,-4.499397,0.840090,1.409340,-4.614017,px4_default
84664000,1.223898,1.236565,-4.503931,0.884888,1.444207,-4.618304,px4_default
84684000,1.276033,1.290659,-4.508687,0.952184,1.495596,-4.624737,px4_default
84704000,1.328053,1.343919,-4.513624,0.997036,1.529034,-4.629029,px4_default
84724000,1.379997,1.396595,-4.518680,1.064423,1.578355,-4.635447,px4_default
84748000,1.431863,1.448625,-4.523860,1.131865,1.626479,-4.641888,px4_default
84764000,1.483637,1.499884,-4.529176,1.176754,1.657690,-4.646162,px4_default
84784000,1.535265,1.550013,-4.534658,1.221743,1.688530,-4.650407,px4_default
84804000,1.586807,1.599388,-4.540236,1.289138,1.733433,-4.656697,px4_default
84824000,1.638270,1.648045,-4.545900,1.334183,1.762879,-4.660826,px4_default
84844000,1.689638,1.695747,-4.551663,1.401660,1.805626,-4.666929,px4_default
84864000,1.740902,1.742324,-4.557529,1.446654,1.833363,-4.670923,px4_default
84884000,1.792077,1.788022,-4.563455,1.514160,1.873815,-4.676766,px4_default
84904000,1.843164,1.832850,-4.569435,1.559084,1.899734,-4.680560,px4_default
84924000,1.894140,1.876427,-4.575472,1.626517,1.937525,-4.686079,px4_default
84964000,1.995848,1.960445,-4.587640,1.738802,1.996850,-4.694790,px4_default
84984000,2.046600,2.001034,-4.593749,1.783748,2.019454,-4.698112,px4_default
85004000,2.097239,2.040080,-4.599854,1.851041,2.051675,-4.702878,px4_default
85024000,2.147774,2.077935,-4.605923,1.895893,2.072265,-4.705920,px4_default
85044000,2.198222,2.114748,-4.611947,1.963172,2.101800,-4.710245,px4_default
85064000,2.248598,2.150589,-4.617921,2.007916,2.120331,-4.712948,px4_default
85084000,2.298880,2.184936,-4.623806,2.075135,2.147169,-4.716774,px4_default
85104000,2.349186,2.217742,-4.629600,2.119855,2.163882,-4.719099,px4_default
85124000,2.399433,2.249481,-4.635320,2.186941,2.187690,-4.722302,px4_default
85144000,2.449568,2.280110,-4.640955,2.231608,2.202532,-4.724226,px4_default
85164000,2.499562,2.309447,-4.646484,2.298512,2.223248,-4.726752,px4_default
85184000,2.549448,2.336791,-4.651832,2.343120,2.236196,-4.728238,px4_default
85204000,2.599271,2.362933,-4.657055,2.409816,2.253731,-4.730116,px4_default
85224000,2.649039,2.388027,-4.662168,2.454229,2.264445,-4.731164,px4_default
85244000,2.698794,2.411670,-4.667114,2.520795,2.279036,-4.732473,px4_default
85264000,2.748554,2.433545,-4.671844,2.565044,2.287540,-4.733138,px4_default
85284000,2.798164,2.454071,-4.676384,2.631403,2.298949,-4.733884,px4_default
85304000,2.847644,2.473315,-4.680739,2.675576,2.305486,-4.734175,px4_default
85324000,2.897028,2.490901,-4.684844,2.741819,2.313702,-4.734298,px4_default
85344000,2.946330,2.506920,-4.688708,2.785973,2.318280,-4.734215,px4_default
85364000,2.995559,2.521634,-4.692372,2.852110,2.323541,-4.733810,px4_default
85384000,3.044714,2.535019,-4.695835,2.896206,2.326131,-4.733371,px4_default
85404000,3.093759,2.546543,-4.699025,2.962175,2.328161,-4.732478,px4_default
85424000,3.142782,2.556503,-4.701986,3.006095,2.328501,-4.731738,px4_default
85444000,3.191760,2.565109,-4.704746,3.071892,2.327485,-4.730437,px4_default
85464000,3.240636,2.572531,-4.707320,3.115633,2.325521,-4.729412,px4_default
85484000,3.289291,2.578266,-4.709621,3.181156,2.321159,-4.727759,px4_default
85504000,3.337786,2.581978,-4.711584,3.224733,2.317142,-4.726595,px4_default
85524000,3.386177,2.584453,-4.713344,3.289955,2.309453,-4.724754,px4_default
85544000,3.434465,2.585778,-4.714916,3.333360,2.303385,-4.723477,px4_default
85564000,3.482652,2.585807,-4.716280,3.398224,2.292368,-4.721491,px4_default
85584000,3.530744,2.583531,-4.717288,3.441336,2.284000,-4.720117,px4_default
85604000,3.578617,2.580005,-4.718108,3.505842,2.269917,-4.717993,px4_default
85624000,3.626300,2.575397,-4.718769,3.548698,2.259533,-4.716540,px4_default
85644000,3.673760,2.569362,-4.719243,3.612741,2.242481,-4.714261,px4_default
85664000,3.720977,2.561607,-4.719511,3.655277,2.229925,-4.712679,px4_default
85684000,3.767965,2.552445,-4.719636,3.718817,2.209775,-4.710306,px4_default
85704000,3.814774,2.542087,-4.719645,3.760946,2.195324,-4.708744,px4_default
85724000,3.861401,2.530257,-4.719521,3.823801,2.172152,-4.706406,px4_default
85744000,3.907756,2.516993,-4.719274,3.865516,2.155862,-4.704858,px4_default
85764000,3.953760,2.502485,-4.718926,3.927657,2.129739,-4.702567,px4_default
85784000,3.999462,2.486818,-4.718492,3.968828,2.111435,-4.701086,px4_default
85804000,4.044814,2.469694,-4.717956,4.030213,2.082659,-4.698930,px4_default
85824000,4.089801,2.451185,-4.717335,4.070796,2.062414,-4.697544,px4_default
85844000,4.134461,2.431497,-4.716648,4.131232,2.030903,-4.695547,px4_default
85864000,4.178848,2.410871,-4.715912,4.171179,2.009015,-4.694283,px4_default
85884000,4.222863,2.389007,-4.715116,4.230686,1.975079,-4.692448,px4_default
85904000,4.266428,2.365378,-4.714250,4.289557,1.939714,-4.690728,px4_default
85924000,4.309625,2.340769,-4.713352,4.328358,1.915187,-4.689686,px4_default
85944000,4.352452,2.315325,-4.712429,4.366938,1.890202,-4.688636,px4_default
85964000,4.394870,2.288968,-4.711482,4.424060,1.851402,-4.687273,px4_default
85984000,4.436574,2.260862,-4.710500,4.461702,1.824849,-4.686447,px4_default
86004000,4.477842,2.231791,-4.709508,4.517507,1.784010,-4.685307,px4_default
86024000,4.518752,2.201906,-4.708509,4.554187,1.755982,-4.684646,px4_default
86044000,4.559230,2.170982,-4.707503,4.608518,1.713081,-4.683761,px4_default
86064000,4.599182,2.138819,-4.706495,4.644200,1.683842,-4.683239,px4_default
86084000,4.638443,2.105610,-4.705497,4.696909,1.639027,-4.682608,px4_default
86104000,4.677193,2.071595,-4.704509,4.731549,1.608610,-4.682261,px4_default
86124000,4.715374,2.036636,-4.703534,4.782525,1.561996,-4.681873,px4_default
86144000,4.752935,2.000683,-4.702579,4.816040,1.530491,-4.681653,px4_default
86164000,4.789879,1.963781,-4.701645,4.865353,1.482371,-4.681417,px4_default
86184000,4.826301,1.926031,-4.700733,4.897644,1.449831,-4.681298,px4_default
86204000,4.862139,1.887292,-4.699847,4.945184,1.400347,-4.681172,px4_default
86224000,4.897161,1.847627,-4.698997,4.976199,1.366864,-4.681124,px4_default
86244000,4.931462,1.807181,-4.698183,5.021811,1.316034,-4.681094,px4_default
86264000,4.965236,1.766129,-4.697393,5.051534,1.281723,-4.681111,px4_default
86284000,4.998371,1.724335,-4.696637,5.095065,1.229635,-4.681213,px4_default
86304000,5.030391,1.681354,-4.695939,5.123458,1.194532,-4.681327,px4_default
86324000,5.061759,1.637722,-4.695275,5.164792,1.141298,-4.681562,px4_default
86344000,5.092559,1.593533,-4.694640,5.191622,1.105456,-4.681763,px4_default
86364000,5.122746,1.548730,-4.694036,5.230805,1.051170,-4.682147,px4_default
86384000,5.151841,1.502756,-4.693479,5.256024,1.014655,-4.682442,px4_default
86404000,5.180065,1.456211,-4.692951,5.292891,0.959452,-4.682913,px4_default
86424000,5.207617,1.409211,-4.692447,5.316526,0.922377,-4.683272,px4_default
86444000,5.234390,1.361654,-4.691974,5.350907,0.866343,-4.683833,px4_default
86464000,5.260238,1.313424,-4.691540,5.372971,0.828733,-4.684222,px4_default
86484000,5.285017,1.264479,-4.691154,5.404762,0.772000,-4.684815,px4_default
86504000,5.309060,1.215009,-4.690801,5.425215,0.733938,-4.685222,px4_default
86524000,5.332313,1.164952,-4.690482,5.454404,0.676637,-4.685859,px4_default
86544000,5.354599,1.114341,-4.690203,5.472991,0.638263,-4.686295,px4_default
86564000,5.375813,1.063269,-4.689966,5.499577,0.580445,-4.686957,px4_default
86584000,5.396163,1.011786,-4.689760,5.516273,0.541804,-4.687390,px4_default
86604000,5.415629,0.959867,-4.689586,5.540039,0.483623,-4.688026,px4_default
86624000,5.433926,0.907425,-4.689451,5.554911,0.444747,-4.688444,px4_default
86644000,5.451202,0.854512,-4.689347,5.575747,0.386345,-4.689075,px4_default
86664000,5.467746,0.801235,-4.689265,5.588760,0.347297,-4.689518,px4_default
86684000,5.483395,0.747528,-4.689208,5.606812,0.288706,-4.690104,px4_default
86704000,5.497502,0.693455,-4.689186,5.617986,0.249572,-4.690367,px4_default
86724000,5.510640,0.639109,-4.689182,5.633213,0.190998,-4.690506,px4_default
86744000,5.522944,0.584518,-4.689190,5.642449,0.151921,-4.690501,px4_default
86764000,5.534399,0.529689,-4.689211,5.654885,0.093267,-4.690461,px4_default
86784000,5.544360,0.474477,-4.689247,5.662098,0.054256,-4.690406,px4_default
86804000,5.553131,0.419011,-4.689292,5.671525,-0.004329,-4.690336,px4_default
86824000,5.561028,0.363339,-4.689342,5.676781,-0.043351,-4.690284,px4_default
86844000,5.567959,0.307418,-4.689398,5.683112,-0.101805,-4.690299,px4_default
86864000,5.573752,0.251223,-4.689444,5.686403,-0.140783,-4.690318,px4_default
86884000,5.578068,0.194971,-4.689363,5.689601,-0.199017,-4.690284,px4_default
86904000,5.581451,0.138650,-4.689201,5.690741,-0.237797,-4.690221,px4_default
86924000,5.583902,0.082246,-4.688961,5.690960,-0.295886,-4.690083,px4_default
86944000,5.585191,0.025768,-4.688681,5.690120,-0.334509,-4.689999,px4_default
86964000,5.585147,-0.030771,-4.688412,5.687385,-0.392274,-4.689917,px4_default
86984000,5.584088,-0.087391,-4.688156,5.684437,-0.430556,-4.689901,px4_default
87004000,5.582078,-0.144086,-4.687912,5.678668,-0.487854,-4.689919,px4_default
87024000,5.578732,-0.200608,-4.687686,5.673839,-0.525876,-4.689952,px4_default
87044000,5.574215,-0.256958,-4.687463,5.665159,-0.582634,-4.690084,px4_default
87064000,5.568883,-0.313212,-4.687228,5.658502,-0.620355,-4.690215,px4_default
87084000,5.562588,-0.369344,-4.686982,5.646976,-0.676455,-4.690583,px4_default
87104000,5.554873,-0.425243,-4.686733,5.638390,-0.713657,-4.690892,px4_default
87124000,5.546134,-0.481019,-4.686512,5.624174,-0.769146,-4.691434,px4_default
87144000,5.536518,-0.536668,-4.686325,5.613703,-0.805762,-4.691895,px4_default
87164000,5.526086,-0.592130,-4.686171,5.596789,-0.860391,-4.692636,px4_default
87184000,5.514369,-0.647124,-4.686074,5.584649,-0.896501,-4.693185,px4_default
87204000,5.501483,-0.701766,-4.686035,5.565274,-0.950329,-4.694084,px4_default
87224000,5.487799,-0.756150,-4.686037,5.551528,-0.985873,-4.694738,px4_default
87244000,5.473305,-0.810259,-4.686083,5.529717,-1.038653,-4.695780,px4_default
87264000,5.457887,-0.864035,-4.686180,5.514442,-1.073583,-4.696536,px4_default
87284000,5.441108,-0.917261,-4.686357,5.490312,-1.125214,-4.697779,px4_default
87304000,5.423526,-0.970203,-4.686582,5.473493,-1.159294,-4.698637,px4_default
87324000,5.405195,-1.022889,-4.686852,5.447187,-1.209891,-4.699975,px4_default
87344000,5.385929,-1.075094,-4.687182,5.428870,-1.243097,-4.700892,px4_default
87364000,5.365574,-1.126591,-4.687584,5.400397,-1.292422,-4.702271,px4_default
87384000,5.344421,-1.177623,-4.688039,5.380725,-1.324853,-4.703209,px4_default
87404000,5.322536,-1.228225,-4.688541,5.350224,-1.372811,-4.704616,px4_default
87424000,5.299666,-1.278201,-4.689106,5.329268,-1.404436,-4.705556,px4_default
87444000,5.275869,-1.327606,-4.689732,5.296881,-1.450953,-4.706980,px4_default
87464000,5.251338,-1.376586,-4.690403,5.274714,-1.481709,-4.707927,px4_default
87484000,5.226036,-1.425042,-4.691123,5.240590,-1.526913,-4.709342,px4_default
87504000,5.199786,-1.472594,-4.691906,5.217269,-1.556592,-4.710297,px4_default
87524000,5.172741,-1.519449,-4.692739,5.181447,-1.600408,-4.711724,px4_default
87544000,5.145008,-1.565704,-4.693616,5.157019,-1.628942,-4.712678,px4_default
87564000,5.116677,-1.611420,-4.694530,5.119598,-1.671103,-4.714100,px4_default
87584000,5.087439,-1.656288,-4.695497,5.094150,-1.698654,-4.715052,px4_default
87604000,5.057198,-1.700314,-4.696517,5.055244,-1.739100,-4.716489,px4_default
87624000,5.026349,-1.743698,-4.697571,5.028816,-1.765594,-4.717481,px4_default
87644000,4.994963,-1.786417,-4.698652,4.988487,-1.804221,-4.719013,px4_default
87664000,4.962991,-1.828369,-4.699763,4.961156,-1.829421,-4.720037,px4_default
87684000,4.929949,-1.869038,-4.700920,4.919503,-1.866376,-4.721579,px4_default
87704000,4.896350,-1.908988,-4.702098,4.891350,-1.890257,-4.722644,px4_default
87724000,4.862253,-1.948291,-4.703293,4.848429,-1.925480,-4.724185,px4_default
87744000,4.827504,-1.986704,-4.704508,4.819445,-1.948163,-4.725229,px4_default
87764000,4.791945,-2.023988,-4.705744,4.775338,-1.981347,-4.726740,px4_default
87784000,4.755718,-2.060425,-4.706992,4.745546,-2.002761,-4.727715,px4_default
87804000,4.718948,-2.096094,-4.708246,4.700310,-2.033831,-4.729135,px4_default
87824000,4.681592,-2.130658,-4.709501,4.669764,-2.053963,-4.730037,px4_default
87844000,4.643658,-2.164123,-4.710752,4.623470,-2.082906,-4.731360,px4_default
87864000,4.605202,-2.196658,-4.711997,4.592247,-2.101532,-4.732168,px4_default
87884000,4.566235,-2.228256,-4.713232,4.544887,-2.128449,-4.733280,px4_default
87904000,4.526640,-2.258651,-4.714447,4.513029,-2.145496,-4.733957,px4_default
87924000,4.486420,-2.287947,-4.715640,4.464730,-2.170115,-4.734866,px4_default
87944000,4.445678,-2.316257,-4.716808,4.432241,-2.185761,-4.735396,px4_default
87964000,4.404568,-2.343703,-4.717950,4.383093,-2.208051,-4.736053,px4_default
87984000,4.363001,-2.369875,-4.719051,4.350011,-2.222240,-4.736401,px4_default
88004000,4.320795,-2.394496,-4.720089,4.300004,-2.242304,-4.736778,px4_default
88024000,4.278198,-2.418123,-4.721083,4.266365,-2.254984,-4.736934,px4_default
88044000,4.235262,-2.440865,-4.722035,4.215600,-2.272580,-4.737016,px4_default
88064000,4.191950,-2.462640,-4.722939,4.181504,-2.283533,-4.736962,px4_default
88084000,4.147797,-2.482469,-4.723732,4.129986,-2.298782,-4.736710,px4_default
88104000,4.103379,-2.501224,-4.724456,4.095475,-2.307973,-4.736388,px4_default
88124000,4.058718,-2.519020,-4.725118,4.043309,-2.320621,-4.735697,px4_default
88144000,4.013719,-2.535591,-4.725695,4.008328,-2.328158,-4.735075,px4_default
88164000,3.968279,-2.550645,-4.726161,3.955546,-2.338101,-4.733868,px4_default
88184000,3.922460,-2.564285,-4.726513,3.920111,-2.343944,-4.732902,px4_default
88204000,3.876359,-2.576834,-4.726774,3.866752,-2.351147,-4.731164,px4_default
88224000,3.829927,-2.588036,-4.726917,3.830956,-2.355087,-4.729846,px4_default
88244000,3.783123,-2.597819,-4.726928,3.776944,-2.359687,-4.727620,px4_default
88264000,3.735942,-2.606262,-4.726808,3.740750,-2.361867,-4.725968,px4_default
88284000,3.688504,-2.613426,-4.726557,3.686196,-2.363811,-4.723166,px4_default
88304000,3.640875,-2.619119,-4.726153,3.649766,-2.364050,-4.720962,px4_default
88324000,3.592982,-2.623237,-4.725572,3.594879,-2.363182,-4.717126,px4_default
88344000,3.544852,-2.625958,-4.724827,3.558187,-2.361614,-4.714304,px4_default
88364000,3.496550,-2.627596,-4.723950,3.502978,-2.357737,-4.709822,px4_default
88384000,3.448027,-2.627801,-4.722894,3.465998,-2.354248,-4.706714,px4_default
88404000,3.399091,-2.625900,-4.721553,3.410446,-2.347228,-4.701783,px4_default
88424000,3.350017,-2.622701,-4.720037,3.373275,-2.341579,-4.698315,px4_default
88444000,3.300879,-2.618391,-4.718364,3.317323,-2.331657,-4.692788,px4_default
88464000,3.251669,-2.612898,-4.716509,3.261267,-2.319700,-4.686843,px4_default
88484000,3.202250,-2.605124,-4.714188,3.223780,-2.310723,-4.682686,px4_default
88504000,3.152724,-2.596013,-4.711597,3.186219,-2.300890,-4.678389,px4_default
88524000,3.103091,-2.585768,-4.708794,3.129665,-2.284727,-4.671708,px4_default
88544000,3.053289,-2.574130,-4.705770,3.091888,-2.272869,-4.667088,px4_default
88564000,3.003266,-2.560764,-4.702509,3.035091,-2.253441,-4.659963,px4_default
88584000,2.953216,-2.545625,-4.699002,2.997075,-2.239517,-4.655137,px4_default
88604000,2.903112,-2.529270,-4.695305,2.940052,-2.216757,-4.647792,px4_default
88624000,2.852910,-2.511531,-4.691373,2.901921,-2.200529,-4.642882,px4_default
88644000,2.802589,-2.492264,-4.687174,2.844549,-2.174613,-4.635489,px4_default
88664000,2.752148,-2.471442,-4.682705,2.806264,-2.156108,-4.630543,px4_default
88684000,2.701603,-2.449293,-4.678020,2.748598,-2.126905,-4.623126,px4_default
88704000,2.650951,-2.425780,-4.673119,2.710052,-2.106353,-4.618168,px4_default
88724000,2.600079,-2.400589,-4.667971,2.652070,-2.073938,-4.610766,px4_default
88744000,2.549045,-2.373927,-4.662628,2.613254,-2.051391,-4.605856,px4_default
88764000,2.497981,-2.346245,-4.657178,2.554927,-2.015817,-4.598543,px4_default
88784000,2.446902,-2.317328,-4.651607,2.515827,-1.991291,-4.593712,px4_default
88804000,2.395670,-2.286431,-4.645883,2.457102,-1.952837,-4.586518,px4_default
88824000,2.344345,-2.254337,-4.640077,2.417803,-1.926256,-4.581760,px4_default
88844000,2.292938,-2.221244,-4.634210,2.358636,-1.884999,-4.574660,px4_default
88864000,2.241426,-2.187109,-4.628280,2.319105,-1.856446,-4.569953,px4_default
88884000,2.189630,-2.151007,-4.622246,2.259546,-1.812351,-4.562973,px4_default
88904000,2.137844,-2.113749,-4.616187,2.219710,-1.782025,-4.558382,px4_default
88924000,2.086042,-2.075581,-4.610110,2.159704,-1.735140,-4.551601,px4_default
88944000,2.034191,-2.036389,-4.604018,2.119508,-1.703068,-4.547155,px4_default
88964000,1.982252,-1.995968,-4.597912,2.059000,-1.653486,-4.540606,px4_default
88984000,1.930209,-1.954082,-4.591818,2.018475,-1.619616,-4.536345,px4_default
89004000,1.878056,-1.911262,-4.585724,1.957410,-1.567615,-4.530147,px4_default
89024000,1.825757,-1.867433,-4.579628,1.916534,-1.532070,-4.526162,px4_default
89044000,1.773381,-1.822523,-4.573549,1.854895,-1.477813,-4.520381,px4_default
89064000,1.721029,-1.776536,-4.567517,1.813660,-1.440848,-4.516724,px4_default
89084000,1.668627,-1.729659,-4.561545,1.751517,-1.384451,-4.511488,px4_default
89104000,1.616158,-1.681958,-4.555634,1.709915,-1.346193,-4.508202,px4_default
89124000,1.563593,-1.633149,-4.549833,1.647265,-1.287857,-4.503564,px4_default
89144000,1.510940,-1.583367,-4.544141,1.605309,-1.248392,-4.500641,px4_default
89164000,1.458223,-1.532941,-4.538534,1.542171,-1.188280,-4.496599,px4_default
89184000,1.405413,-1.481713,-4.533034,1.499904,-1.147674,-4.494136,px4_default
89204000,1.352348,-1.429250,-4.527701,1.436241,-1.086001,-4.490744,px4_default
89224000,1.299234,-1.376094,-4.522508,1.393664,-1.044387,-4.488741,px4_default
89244000,1.246120,-1.322407,-4.517446,1.329510,-0.981303,-4.485982,px4_default
89264000,1.192982,-1.268204,-4.512508,1.286568,-0.938819,-4.484341,px4_default
89284000,1.139720,-1.213055,-4.507797,1.221887,-0.874494,-4.482156,px4_default
89304000,1.086361,-1.157219,-4.503281,1.178573,-0.831232,-4.480854,px4_default
89324000,1.032898,-1.100859,-4.498910,1.113349,-0.765806,-4.479173,px4_default
89344000,0.979295,-1.043935,-4.494694,1.069680,-0.721857,-4.478217,px4_default
89364000,0.925522,-0.986369,-4.490661,1.003906,-0.655489,-4.477054,px4_default
89384000,0.871768,-0.928230,-4.486928,0.959891,-0.610980,-4.476467,px4_default
89404000,0.817965,-0.869732,-4.483368,0.893619,-0.543854,-4.475860,px4_default
89424000,0.764095,-0.810870,-4.479981,0.849305,-0.498965,-4.475674,px4_default
89444000,0.710137,-0.751576,-4.476817,0.782576,-0.431359,-4.475673,px4_default
89464000,0.656066,-0.691793,-4.473927,0.737937,-0.386172,-4.475889,px4_default
89484000,0.601830,-0.631596,-4.471248,0.670726,-0.318295,-4.476554,px4_default
89504000,0.547453,-0.571046,-4.468755,0.625747,-0.272937,-4.477179,px4_default
89524000,0.493066,-0.510259,-4.466542,0.558055,-0.204998,-4.478492,px4_default
89544000,0.438669,-0.449277,-4.464594,0.512787,-0.159695,-4.479599,px4_default
89564000,0.384210,-0.388120,-4.462841,0.444680,-0.091754,-4.481547,px4_default
89584000,0.329678,-0.326776,-4.461316,0.399161,-0.046496,-4.483042,px4_default
89604000,0.275053,-0.265230,-4.460103,0.330719,0.021308,-4.485564,px4_default
89624000,0.220357,-0.203570,-4.459139,0.285014,0.066311,-4.487503,px4_default
89644000,0.165588,-0.141815,-4.458391,0.216266,0.133732,-4.490653,px4_default
89664000,0.110725,-0.079961,-4.457836,0.170336,0.178515,-4.492951,px4_default
89684000,0.055647,-0.017905,-4.457603,0.101311,0.245384,-4.496684,px4_default
89704000,0.000623,0.043988,-4.457668,0.055186,0.289847,-4.499313,px4_default
89724000,-0.054397,0.105788,-4.457943,-0.014066,0.355984,-4.503586,px4_default
89744000,-0.109444,0.167515,-4.458421,-0.060321,0.399837,-4.506592,px4_default
89764000,-0.164537,0.229163,-4.459127,-0.129824,0.465236,-4.511333,px4_default
89784000,-0.219699,0.290601,-4.460214,-0.176146,0.508363,-4.514695,px4_default
89804000,-0.274963,0.351964,-4.461502,-0.245725,0.572695,-4.519907,px4_default
89824000,-0.330330,0.413264,-4.462977,-0.292128,0.615188,-4.523520,px4_default
89844000,-0.385716,0.474316,-4.464695,-0.361788,0.678499,-4.529093,px4_default
89864000,-0.441008,0.534887,-4.466723,-0.408202,0.720255,-4.532938,px4_default
89884000,-0.496321,0.595161,-4.468973,-0.477799,0.782194,-4.538876,px4_default
89904000,-0.551649,0.655171,-4.471411,-0.524227,0.823160,-4.542892,px4_default
89924000,-0.606991,0.714779,-4.474101,-0.593770,0.883639,-4.549100,px4_default
89944000,-0.662381,0.774004,-4.477035,-0.640136,0.923525,-4.553319,px4_default
89964000,-0.717861,0.832941,-4.480167,-0.709684,0.982681,-4.559775,px4_default
89984000,-0.773362,0.891476,-4.483503,-0.755982,1.021403,-4.564194,px4_default
90004000,-0.828731,0.949312,-4.487075,-0.825436,1.078873,-4.570904,px4_default
90024000,-0.884055,1.006563,-4.490854,-0.871696,1.116601,-4.575462,px4_default
90044000,-0.939358,1.063303,-4.494813,-0.941018,1.172290,-4.582392,px4_default
90064000,-0.994642,1.119600,-4.498917,-0.987222,1.208964,-4.587031,px4_default
90084000,-1.049890,1.175187,-4.503239,-1.056364,1.262753,-4.594072,px4_default
90104000,-1.105084,1.229938,-4.507778,-1.102474,1.298290,-4.598722,px4_default
90124000,-1.160280,1.284143,-4.512462,-1.171440,1.350307,-4.605716,px4_default
90144000,-1.215504,1.337869,-4.517275,-1.217349,1.384379,-4.610390,px4_default
90164000,-1.270748,1.391050,-4.522224,-1.286100,1.434554,-4.617382,px4_default
90184000,-1.325707,1.442790,-4.527391,-1.331772,1.467126,-4.622062,px4_default
90204000,-1.380596,1.493859,-4.532658,-1.400175,1.515143,-4.629030,px4_default
90224000,-1.435421,1.544305,-4.538016,-1.445642,1.546416,-4.633656,px4_default
90244000,-1.490161,1.593922,-4.543480,-1.513636,1.592174,-4.640507,px4_default
90264000,-1.544790,1.642450,-4.549067,-1.558882,1.622072,-4.644976,px4_default
90284000,-1.599414,1.690097,-4.554732,-1.626409,1.665473,-4.651587,px4_default
90304000,-1.653981,1.737004,-4.560449,-1.671275,1.693688,-4.655917,px4_default
90324000,-1.708349,1.782837,-4.566208,-1.738355,1.734920,-4.662249,px4_default
90344000,-1.762518,1.827544,-4.572011,-1.782819,1.761398,-4.666374,px4_default
90364000,-1.816566,1.871258,-4.577854,-1.849425,1.800364,-4.672402,px4_default
90384000,-1.870493,1.913980,-4.583728,-1.893565,1.825312,-4.676286,px4_default
90404000,-1.924277,1.955550,-4.589628,-1.959603,1.861697,-4.681909,px4_default
90424000,-1.977996,1.995979,-4.595546,-2.003421,1.885083,-4.685505,px4_default
90444000,-2.031636,2.035354,-4.601470,-2.068869,1.918845,-4.690606,px4_default
90464000,-2.085134,2.073829,-4.607382,-2.112384,1.940634,-4.693827,px4_default
90484000,-2.138367,2.110977,-4.613264,-2.177250,1.971683,-4.698421,px4_default
90504000,-2.191397,2.146494,-4.619094,-2.220322,1.991526,-4.701349,px4_default
90524000,-2.244292,2.180930,-4.624879,-2.284700,2.019998,-4.705551,px4_default
90544000,-2.297071,2.214437,-4.630619,-2.327358,2.037867,-4.708230,px4_default
90564000,-2.349728,2.246954,-4.636306,-2.391130,2.063476,-4.712084,px4_default
90584000,-2.402120,2.277330,-4.641845,-2.433440,2.079571,-4.714533,px4_default
90604000,-2.454465,2.306658,-4.647281,-2.496608,2.102236,-4.718006,px4_default
90624000,-2.506741,2.335015,-4.652617,-2.538608,2.116525,-4.720179,px4_default
90644000,-2.558851,2.362128,-4.657822,-2.601293,2.136460,-4.723164,px4_default
90664000,-2.610678,2.387620,-4.662851,-2.642984,2.148928,-4.724928,px4_default
90684000,-2.662342,2.411498,-4.667735,-2.705163,2.165851,-4.727225,px4_default
90704000,-2.713897,2.434257,-4.672514,-2.746454,2.176194,-4.728533,px4_default
90724000,-2.765326,2.455652,-4.677161,-2.808208,2.190304,-4.730131,px4_default
90744000,-2.816668,2.475566,-4.681658,-2.849187,2.198505,-4.730887,px4_default
90764000,-2.867985,2.494020,-4.686002,-2.910556,2.209506,-4.731613,px4_default
90784000,-2.919179,2.511081,-4.690188,-2.951345,2.215764,-4.731867,px4_default
90804000,-2.970178,2.526693,-4.694201,-3.012375,2.223515,-4.731976,px4_default
90824000,-3.021048,2.540649,-4.697975,-3.053009,2.227765,-4.731925,px4_default
90844000,-3.071825,2.553109,-4.701515,-3.113744,2.232244,-4.731645,px4_default
90864000,-3.122537,2.564467,-4.704869,-3.154170,2.234212,-4.731354,px4_default
90884000,-3.173166,2.574395,-4.707976,-3.214725,2.235647,-4.730751,px4_default
90904000,-3.223806,2.582240,-4.710689,-3.255031,2.235612,-4.730247,px4_default
90924000,-3.274341,2.588755,-4.713138,-3.315321,2.234060,-4.729353,px4_default
90944000,-3.324733,2.594167,-4.715364,-3.355365,2.231806,-4.728627,px4_default
90964000,-3.374982,2.598432,-4.717369,-3.415300,2.227060,-4.727422,px4_default
90984000,-3.425023,2.600393,-4.719014,-3.455072,2.222822,-4.726562,px4_default
91004000,-3.474906,2.600989,-4.720494,-3.514494,2.214885,-4.725152,px4_default
91024000,-3.524651,2.600444,-4.721838,-3.553994,2.208698,-4.724153,px4_default
91044000,-3.574224,2.598609,-4.723032,-3.612883,2.197681,-4.722558,px4_default
91064000,-3.623578,2.595197,-4.724050,-3.651952,2.189398,-4.721465,px4_default
91084000,-3.672748,2.589969,-4.724879,-3.710298,2.175585,-4.719754,px4_default
91104000,-3.721708,2.583617,-4.725595,-3.748938,2.165274,-4.718567,px4_default
91124000,-3.770358,2.576020,-4.726185,-3.806606,2.148542,-4.716761,px4_default
91144000,-3.818659,2.567011,-4.726641,-3.844810,2.136427,-4.715539,px4_default
91164000,-3.866616,2.556483,-4.726960,-3.901809,2.117027,-4.713688,px4_default
91184000,-3.914260,2.544691,-4.727171,-3.939531,2.103164,-4.712445,px4_default
91204000,-3.961609,2.531738,-4.727287,-3.995616,2.081024,-4.710593,px4_default
91224000,-4.008617,2.517251,-4.727285,-4.032768,2.065487,-4.709377,px4_default
91244000,-4.055267,2.501367,-4.727182,-4.087921,2.040756,-4.707569,px4_default
91264000,-4.101560,2.484547,-4.727013,-4.124339,2.023460,-4.706390,px4_default
91284000,-4.147390,2.466557,-4.726763,-4.178480,1.996334,-4.704607,px4_default
91304000,-4.192622,2.446878,-4.726409,-4.214072,1.977327,-4.703445,px4_default
91324000,-4.237424,2.426057,-4.725989,-4.266960,1.947750,-4.701751,px4_default
91344000,-4.281861,2.404290,-4.725519,-4.301773,1.927248,-4.700638,px4_default
91364000,-4.325951,2.381594,-4.725001,-4.353312,1.895377,-4.699034,px4_default
91384000,-4.369430,2.357117,-4.724399,-4.387301,1.873468,-4.698001,px4_default
91404000,-4.412285,2.331537,-4.723752,-4.437383,1.839435,-4.696562,px4_default
91424000,-4.454661,2.305082,-4.723070,-4.470466,1.816173,-4.695642,px4_default
91444000,-4.496548,2.277694,-4.722353,-4.519140,1.780201,-4.694384,px4_default
91464000,-4.537861,2.249192,-4.721600,-4.551131,1.755610,-4.693606,px4_default
91484000,-4.578353,2.219210,-4.720805,-4.598368,1.717822,-4.692523,px4_default
91504000,-4.618362,2.188403,-4.719990,-4.629208,1.692019,-4.691864,px4_default
91524000,-4.657851,2.156729,-4.719156,-4.674776,1.652514,-4.690958,px4_default
91544000,-4.696731,2.123997,-4.718303,-4.704555,1.625641,-4.690433,px4_default
91564000,-4.734912,2.090001,-4.717429,-4.748357,1.584540,-4.689759,px4_default
91584000,-4.772399,2.055121,-4.716547,-4.777070,1.556629,-4.689388,px4_default
91604000,-4.809293,2.019535,-4.715660,-4.819036,1.514042,-4.688953,px4_default
91624000,-4.845344,1.982869,-4.714768,-4.846431,1.485173,-4.688724,px4_default
91644000,-4.880597,1.945186,-4.713875,-4.886650,1.441171,-4.688478,px4_default
91664000,-4.915292,1.906832,-4.712984,-4.912705,1.411403,-4.688428,px4_default
91684000,-4.949293,1.867628,-4.712095,-4.951104,1.366070,-4.688373,px4_default
91704000,-4.982399,1.827243,-4.711213,-4.975926,1.335442,-4.688445,px4_default
91724000,-5.014715,1.786072,-4.710341,-5.012297,1.288889,-4.688607,px4_default
91744000,-5.046317,1.744281,-4.709480,-5.035852,1.257483,-4.688784,px4_default
91764000,-5.077279,1.701918,-4.708630,-5.070120,1.209814,-4.689184,px4_default
91784000,-5.107130,1.658506,-4.707799,-5.092366,1.177646,-4.689488,px4_default
91804000,-5.136057,1.614291,-4.706987,-5.124466,1.128940,-4.690081,px4_default
91824000,-5.164295,1.569455,-4.706191,-5.145169,1.096131,-4.690517,px4_default
91844000,-5.191859,1.523989,-4.705409,-5.175176,1.046423,-4.691211,px4_default
91864000,-5.218645,1.477801,-4.704645,-5.194285,1.013053,-4.691755,px4_default
91884000,-5.244005,1.430758,-4.703916,-5.221972,0.962533,-4.692613,px4_default
91904000,-5.268638,1.383241,-4.703205,-5.239661,0.928612,-4.693242,px4_default
91924000,-5.292557,1.335249,-4.702511,-5.265032,0.877395,-4.694236,px4_default
91944000,-5.315554,1.286668,-4.701840,-5.281269,0.842966,-4.694892,px4_default
91964000,-5.337338,1.237351,-4.701200,-5.304436,0.791061,-4.695956,px4_default
91984000,-5.358202,1.187521,-4.700582,-5.319188,0.756205,-4.696669,px4_default
92004000,-5.378309,1.137265,-4.699982,-5.339893,0.703888,-4.697859,px4_default
92024000,-5.397348,1.086360,-4.699407,-5.352911,0.668825,-4.698666,px4_default
92044000,-5.415307,1.034880,-4.698856,-5.371257,0.615966,-4.699885,px4_default
92064000,-5.432385,0.983101,-4.698325,-5.382489,0.580689,-4.700771,px4_default
92084000,-5.448467,0.930965,-4.697814,-5.398229,0.527467,-4.702056,px4_default
92104000,-5.463334,0.878345,-4.697327,-5.407860,0.491882,-4.702920,px4_default
92124000,-5.477131,0.825334,-4.696859,-5.421047,0.438395,-4.704160,px4_default
92144000,-5.489988,0.771984,-4.696406,-5.429092,0.402564,-4.704926,px4_default
92164000,-5.502048,0.718329,-4.695964,-5.439715,0.348905,-4.705997,px4_default
92184000,-5.512776,0.664130,-4.695541,-5.445993,0.313036,-4.706575,px4_default
92204000,-5.522187,0.609715,-4.695132,-5.454203,0.259104,-4.707214,px4_default
92224000,-5.530647,0.555121,-4.694731,-5.458863,0.223083,-4.707515,px4_default
92244000,-5.538235,0.500345,-4.694336,-5.464612,0.168957,-4.707899,px4_default
92264000,-5.544863,0.445361,-4.693948,-5.467461,0.133018,-4.708129,px4_default
92284000,-5.549655,0.390051,-4.693564,-5.470544,0.078966,-4.708375,px4_default
92304000,-5.553553,0.334540,-4.693177,-5.471701,0.042967,-4.708501,px4_default
92324000,-5.556590,0.278840,-4.692787,-5.472075,-0.010941,-4.708611,px4_default
92344000,-5.558519,0.223021,-4.692366,-5.471511,-0.046946,-4.708648,px4_default
92364000,-5.558973,0.167190,-4.691872,-5.469112,-0.100697,-4.708663,px4_default
92384000,-5.558263,0.111291,-4.691295,-5.466626,-0.136527,-4.708647,px4_default
92404000,-5.556660,0.055348,-4.690662,-5.461572,-0.190253,-4.708588,px4_default
92424000,-5.553847,-0.000621,-4.689988,-5.457150,-0.225851,-4.708589,px4_default
92444000,-5.549792,-0.056591,-4.689283,-5.449285,-0.279266,-4.708571,px4_default
92464000,-5.544683,-0.112531,-4.688563,-5.443112,-0.314747,-4.708569,px4_default
92484000,-5.538477,-0.168464,-4.687829,-5.432626,-0.367929,-4.708534,px4_default
92504000,-5.531031,-0.224424,-4.687085,-5.424707,-0.403201,-4.708527,px4_default
92524000,-5.522402,-0.280214,-4.686350,-5.411449,-0.455796,-4.708570,px4_default
92544000,-5.512728,-0.335795,-4.685631,-5.401808,-0.490799,-4.708590,px4_default
92564000,-5.502227,-0.391231,-4.684927,-5.385849,-0.542692,-4.708667,px4_default
92584000,-5.490459,-0.446471,-4.684245,-5.374366,-0.577115,-4.708728,px4_default
92604000,-5.477332,-0.501441,-4.683595,-5.355893,-0.628481,-4.708841,px4_default
92624000,-5.463252,-0.556250,-4.682969,-5.342587,-0.662305,-4.708962,px4_default
92644000,-5.448356,-0.610938,-4.682364,-5.321482,-0.712878,-4.709158,px4_default
92664000,-5.432611,-0.665492,-4.681782,-5.306547,-0.746319,-4.709345,px4_default
92684000,-5.415112,-0.719342,-4.681262,-5.282916,-0.796001,-4.709677,px4_default
92704000,-5.396823,-0.772925,-4.680769,-5.266443,-0.828968,-4.709902,px4_default
92724000,-5.377779,-0.826248,-4.680305,-5.240424,-0.877667,-4.710373,px4_default
92744000,-5.357806,-0.879230,-4.679877,-5.222465,-0.910128,-4.710670,px4_default
92764000,-5.336628,-0.931748,-4.679497,-5.194298,-0.958027,-4.711228,px4_default
92784000,-5.314306,-0.983893,-4.679164,-5.174823,-0.989697,-4.711611,px4_default
92804000,-5.291219,-1.035714,-4.678864,-5.144581,-1.036799,-4.712212,px4_default
92824000,-5.267225,-1.087006,-4.678608,-5.123660,-1.067662,-4.712693,px4_default
92844000,-5.242268,-1.137718,-4.678399,-5.091354,-1.113617,-4.713403,px4_default
92864000,-5.216383,-1.187914,-4.678234,-5.069159,-1.143849,-4.713916,px4_default
92884000,-5.189622,-1.237596,-4.678112,-5.034897,-1.188569,-4.714762,px4_default
92904000,-5.161975,-1.286732,-4.678033,-5.011466,-1.218127,-4.715308,px4_default
92924000,-5.133368,-1.335231,-4.678004,-4.975389,-1.261564,-4.716259,px4_default
92944000,-5.103881,-1.383147,-4.678019,-4.950763,-1.290147,-4.716912,px4_default
92964000,-5.073724,-1.430645,-4.678066,-4.912978,-1.332443,-4.717927,px4_default
92984000,-5.042613,-1.477570,-4.678160,-4.887196,-1.359987,-4.718657,px4_default
93004000,-5.010480,-1.523467,-4.678309,-4.847779,-1.401088,-4.719676,px4_default
93024000,-4.977643,-1.568696,-4.678495,-4.821016,-1.427791,-4.720415,px4_default
93044000,-4.944216,-1.613390,-4.678711,-4.780155,-1.467327,-4.721485,px4_default
93064000,-4.910186,-1.657532,-4.678957,-4.752450,-1.493160,-4.722202,px4_default
93084000,-4.874887,-1.700424,-4.679263,-4.710207,-1.531075,-4.723318,px4_default
93104000,-4.838902,-1.742710,-4.679599,-4.681592,-1.555970,-4.724040,px4_default
93124000,-4.802321,-1.784415,-4.679960,-4.638010,-1.592206,-4.725153,px4_default
93144000,-4.765112,-1.825373,-4.680349,-4.608524,-1.615863,-4.725855,px4_default
93164000,-4.727181,-1.865302,-4.680770,-4.563663,-1.650584,-4.726867,px4_default
93184000,-4.688403,-1.904147,-4.681222,-4.533370,-1.672936,-4.727540,px4_default
93204000,-4.649113,-1.942308,-4.681691,-4.487374,-1.705801,-4.728493,px4_default
93224000,-4.609219,-1.979634,-4.682179,-4.456385,-1.727075,-4.729107,px4_default
93244000,-4.568634,-2.016033,-4.682685,-4.409467,-1.758013,-4.729990,px4_default
93264000,-4.527295,-2.051479,-4.683207,-4.377852,-1.778164,-4.730503,px4_default
93284000,-4.485397,-2.085959,-4.683738,-4.330067,-1.807325,-4.731211,px4_default
93304000,-4.443048,-2.119509,-4.684274,-4.297904,-1.826247,-4.731616,px4_default
93324000,-4.400085,-2.151907,-4.684812,-4.249414,-1.853212,-4.732191,px4_default
93344000,-4.356544,-2.183223,-4.685348,-4.216829,-1.870540,-4.732520,px4_default
93364000,-4.312608,-2.213761,-4.685880,-4.167572,-1.895547,-4.732924,px4_default
93384000,-4.268167,-2.243279,-4.686404,-4.134624,-1.911246,-4.733175,px4_default
93404000,-4.223049,-2.271302,-4.686906,-4.084809,-1.933903,-4.733427,px4_default
93424000,-4.177441,-2.298317,-4.687389,-4.051423,-1.948186,-4.733530,px4_default
93444000,-4.131431,-2.324510,-4.687853,-4.001105,-1.968347,-4.733586,px4_default
93464000,-4.085043,-2.349858,-4.688298,-3.967324,-1.981159,-4.733531,px4_default
93484000,-4.038133,-2.373341,-4.688687,-3.916581,-1.998751,-4.733386,px4_default
93504000,-3.990857,-2.395713,-4.689036,-3.882571,-2.009733,-4.733248,px4_default
93524000,-3.943278,-2.417137,-4.689347,-3.831294,-2.025069,-4.732887,px4_default
93544000,-3.895383,-2.437524,-4.689615,-3.796968,-2.034521,-4.732539,px4_default
93564000,-3.847109,-2.456625,-4.689824,-3.745280,-2.047530,-4.731844,px4_default
93584000,-3.798270,-2.474070,-4.689944,-3.710864,-2.055128,-4.731269,px4_default
93604000,-3.749209,-2.490529,-4.690007,-3.659000,-2.065515,-4.730100,px4_default
93624000,-3.699960,-2.505862,-4.690005,-3.624374,-2.071558,-4.729131,px4_default
93644000,-3.650490,-2.519865,-4.689918,-3.572386,-2.079270,-4.727400,px4_default
93664000,-3.600724,-2.532330,-4.689726,-3.537590,-2.083701,-4.726049,px4_default
93684000,-3.550740,-2.543498,-4.689436,-3.485500,-2.088674,-4.723806,px4_default
93704000,-3.500583,-2.553591,-4.689065,-3.450697,-2.091169,-4.722130,px4_default
93724000,-3.450120,-2.562122,-4.688558,-3.398387,-2.093675,-4.719322,px4_default
93744000,-3.399409,-2.569133,-4.687905,-3.363601,-2.094224,-4.717198,px4_default
93764000,-3.348655,-2.575101,-4.687129,-3.311264,-2.093938,-4.713691,px4_default
93784000,-3.297849,-2.579718,-4.686189,-3.276368,-2.092786,-4.711227,px4_default
93804000,-3.246907,-2.582564,-4.684999,-3.223888,-2.089881,-4.707426,px4_default
93824000,-3.195884,-2.584057,-4.683622,-3.188926,-2.086962,-4.704844,px4_default
93844000,-3.144805,-2.584414,-4.682094,-3.136553,-2.081100,-4.700891,px4_default
93864000,-3.093682,-2.583717,-4.680427,-3.101571,-2.076399,-4.698225,px4_default
93884000,-3.042504,-2.580993,-4.678503,-3.049358,-2.067624,-4.694212,px4_default
93904000,-2.991223,-2.576891,-4.676342,-3.014552,-2.060907,-4.691526,px4_default
93924000,-2.939919,-2.571681,-4.674002,-2.962398,-2.049526,-4.687518,px4_default
93944000,-2.888665,-2.565370,-4.671495,-2.927804,-2.040780,-4.684900,px4_default
93964000,-2.837532,-2.557783,-4.668806,-2.875860,-2.026503,-4.680979,px4_default
93984000,-2.786486,-2.548239,-4.665995,-2.841312,-2.016031,-4.678397,px4_default
94004000,-2.735502,-2.537718,-4.663136,-2.789676,-1.998924,-4.674601,px4_default
94024000,-2.684587,-2.526171,-4.660230,-2.755232,-1.986796,-4.672103,px4_default
94044000,-2.633731,-2.513386,-4.657279,-2.703861,-1.967032,-4.668512,px4_default
94064000,-2.582905,-2.499046,-4.654286,-2.669541,-1.953324,-4.666155,px4_default
94084000,-2.532297,-2.483582,-4.651289,-2.618413,-1.931320,-4.662846,px4_default
94104000,-2.481872,-2.467258,-4.648295,-2.584398,-1.915936,-4.660711,px4_default
94124000,-2.431663,-2.449687,-4.645319,-2.533511,-1.891808,-4.657680,px4_default
94144000,-2.381662,-2.430897,-4.642369,-2.499877,-1.874837,-4.655819,px4_default
94164000,-2.331827,-2.411274,-4.639453,-2.449489,-1.848548,-4.653162,px4_default
94184000,-2.282177,-2.390634,-4.636580,-2.416060,-1.830360,-4.651536,px4_default
94204000,-2.232697,-2.368771,-4.633773,-2.366215,-1.802088,-4.649341,px4_default
94224000,-2.183500,-2.345960,-4.631042,-2.333060,-1.782731,-4.648014,px4_default
94244000,-2.134608,-2.322380,-4.628387,-2.283799,-1.752668,-4.646311,px4_default
94264000,-2.085962,-2.298141,-4.625801,-2.251081,-1.732146,-4.645314,px4_default
94284000,-2.037709,-2.272735,-4.623345,-2.202250,-1.700661,-4.644059,px4_default
94304000,-1.989806,-2.246439,-4.621014,-2.169979,-1.679124,-4.643425,px4_default
94324000,-1.942183,-2.219477,-4.618783,-2.121542,-1.646411,-4.642602,px4_default
94344000,-1.894831,-2.191908,-4.616652,-2.089594,-1.624136,-4.642286,px4_default
94364000,-1.847787,-2.163670,-4.614634,-2.041839,-1.590279,-4.641996,px4_default
94384000,-1.801196,-2.134245,-4.612835,-2.010235,-1.567366,-4.641965,px4_default
94404000,-1.754950,-2.104357,-4.611154,-1.963230,-1.532541,-4.642129,px4_default
94424000,-1.709058,-2.074036,-4.609587,-1.932054,-1.509093,-4.642358,px4_default
94444000,-1.663604,-2.043170,-4.608171,-1.885881,-1.473455,-4.642943,px4_default
94464000,-1.618722,-2.011545,-4.606974,-1.855316,-1.449508,-4.643474,px4_default
94484000,-1.574280,-1.979427,-4.605944,-1.809827,-1.413330,-4.644478,px4_default
94504000,-1.530171,-1.946927,-4.605043,-1.779924,-1.389040,-4.645317,px4_default
94524000,-1.486492,-1.913888,-4.604329,-1.735337,-1.352493,-4.646746,px4_default
94544000,-1.443304,-1.880352,-4.603811,-1.705926,-1.328060,-4.647843,px4_default
94564000,-1.400629,-1.846539,-4.603455,-1.662299,-1.291335,-4.649705,px4_default
94584000,-1.358503,-1.812416,-4.603280,-1.633408,-1.266837,-4.651071,px4_default
94604000,-1.316948,-1.777950,-4.603309,-1.590589,-1.230125,-4.653347,px4_default
94624000,-1.275952,-1.743201,-4.603531,-1.562282,-1.205682,-4.654987,px4_default
94644000,-1.235452,-1.708219,-4.603929,-1.520567,-1.169166,-4.657704,px4_default
94664000,-1.195337,-1.673047,-4.604467,-1.493049,-1.144934,-4.659649,px4_default
94684000,-1.155833,-1.637558,-4.605241,-1.452224,-1.108783,-4.662759,px4_default
94704000,-1.117113,-1.602004,-4.606236,-1.425512,-1.084918,-4.665023,px4_default
94724000,-1.078957,-1.566399,-4.607392,-1.385827,-1.049384,-4.668571,px4_default
94744000,-1.041274,-1.530749,-4.608691,-1.359759,-1.025932,-4.671058,px4_default
94764000,-1.004082,-1.495053,-4.610138,-1.321274,-0.991141,-4.674980,px4_default
94784000,-0.967973,-1.459365,-4.611897,-1.295898,-0.968177,-4.677680,px4_default
94804000,-0.932353,-1.423725,-4.613788,-1.258680,-0.934292,-4.681933,px4_default
94824000,-0.897215,-1.388135,-4.615809,-1.234230,-0.912017,-4.684853,px4_default
94844000,-0.862659,-1.352608,-4.617991,-1.198113,-0.879094,-4.689347,px4_default
94864000,-0.828870,-1.317166,-4.620392,-1.174392,-0.857517,-4.692410,px4_default
94884000,-0.795911,-1.282016,-4.622964,-1.139355,-0.825735,-4.697060,px4_default
94904000,-0.763509,-1.247065,-4.625651,-1.116573,-0.805097,-4.700231,px4_default
94924000,-0.731825,-1.212379,-4.628489,-1.082890,-0.774731,-4.705032,px4_default
94944000,-0.700907,-1.177995,-4.631485,-1.060892,-0.754989,-4.708272,px4_default
94964000,-0.670687,-1.143927,-4.634612,-1.028577,-0.726145,-4.713169,px4_default
94984000,-0.641162,-1.110180,-4.637872,-1.007372,-0.707353,-4.716434,px4_default
95004000,-0.612327,-1.076762,-4.641263,-0.976457,-0.680095,-4.721393,px4_default
95024000,-0.584321,-1.043838,-4.644773,-0.956263,-0.662465,-4.724703,px4_default
95044000,-0.557108,-1.011424,-4.648383,-0.926595,-0.636855,-4.729634,px4_default
95064000,-0.530479,-0.979397,-4.652065,-0.907436,-0.620576,-4.732882,px4_default
95084000,-0.504722,-0.947954,-4.655852,-0.879287,-0.596991,-4.737682,px4_default
95104000,-0.479953,-0.917243,-4.659734,-0.861055,-0.581968,-4.740843,px4_default
95124000,-0.455884,-0.887063,-4.663679,-0.834310,-0.560338,-4.745509,px4_default
95144000,-0.432383,-0.857323,-4.667672,-0.817049,-0.546673,-4.748573,px4_default
95164000,-0.409458,-0.828037,-4.671711,-0.792035,-0.527319,-4.753036,px4_default
95184000,-0.388032,-0.800088,-4.675799,-0.775772,-0.515050,-4.755916,px4_default
95204000,-0.367254,-0.772742,-4.679898,-0.752489,-0.498069,-4.760063,px4_default
95224000,-0.347100,-0.745986,-4.684003,-0.737474,-0.487495,-4.762700,px4_default
95244000,-0.327690,-0.719951,-4.688108,-0.722905,-0.477566,-4.765226,px4_default
95264000,-0.309270,-0.694902,-4.692201,-0.701898,-0.463926,-4.768770,px4_default
95284000,-0.291879,-0.670937,-4.696250,-0.681868,-0.451729,-4.771995,px4_default
95304000,-0.275116,-0.647649,-4.700266,-0.669105,-0.444470,-4.773959,px4_default
95324000,-0.259142,-0.625225,-4.704234,-0.650841,-0.434915,-4.776600,px4_default
95344000,-0.244063,-0.603814,-4.708129,-0.639115,-0.429289,-4.778145,px4_default
95364000,-0.229929,-0.583519,-4.711921,-0.622679,-0.422444,-4.780177,px4_default
95384000,-0.216670,-0.564283,-4.715604,-0.612041,-0.418500,-4.781293,px4_default
95404000,-0.204208,-0.546027,-4.719178,-0.597161,-0.414204,-4.782599,px4_default
95424000,-0.192713,-0.529002,-4.722597,-0.587784,-0.412216,-4.783169,px4_default
95444000,-0.182136,-0.513166,-4.725854,-0.574536,-0.410569,-4.783598,px4_default
95464000,-0.172210,-0.498195,-4.728985,-0.566418,-0.410608,-4.783543,px4_default
95484000,-0.163180,-0.484425,-4.731935,-0.554940,-0.411917,-4.782990,px4_default
95504000,-0.155372,-0.472368,-4.734589,-0.547894,-0.413802,-4.782279,px4_default
95524000,-0.148416,-0.461528,-4.737022,-0.538239,-0.418199,-4.780807,px4_default
95544000,-0.142131,-0.451668,-4.739268,-0.532215,-0.421937,-4.779618,px4_default
95564000,-0.136519,-0.442791,-4.741324,-0.524213,-0.429151,-4.777555,px4_default
95584000,-0.132402,-0.436174,-4.742908,-0.519333,-0.434715,-4.776062,px4_default
95604000,-0.129065,-0.430777,-4.744217,-0.512579,-0.444084,-4.773736,px4_default
95624000,-0.126442,-0.426509,-4.745265,-0.508646,-0.451177,-4.772139,px4_default
95644000,-0.124610,-0.423507,-4.746013,-0.502941,-0.462303,-4.769748,px4_default
95664000,-0.123785,-0.422137,-4.746363,-0.499609,-0.470370,-4.768135,px4_default
